episode,total_reward,epsilon
0,-93.1,0.0995
1,-98.04,0.099
2,-94.42,0.0985
3,-96.87,0.098
4,-99.43,0.0975
5,-106.02,0.097
6,-113.36,0.0966
7,-118.72,0.0961
8,-99.85,0.0956
9,-104.59,0.0951
10,-105.01,0.0946
11,-97.15,0.0942
12,-109.06,0.0937
13,-99.06,0.0932
14,-98.1,0.0928
15,-108.93,0.0923
16,-110.14,0.0918
17,-666.98,0.0914
18,-113.21,0.0909
19,-101.82,0.0905
20,-107.99,0.09
21,-98.73,0.0896
22,-117.51,0.0891
23,-99.23,0.0887
24,-107.74,0.0882
25,-612.67,0.0878
26,-124.38,0.0873
27,-136.03,0.0869
28,-111.14,0.0865
29,-104.0,0.086
30,-132.35,0.0856
31,-127.56,0.0852
32,-98.29,0.0848
33,-107.69,0.0843
34,-106.89,0.0839
35,-104.16,0.0835
36,-106.67,0.0831
37,-122.3,0.0827
38,-100.33,0.0822
39,-140.84,0.0818
40,-699.6,0.0814
41,-118.41,0.081
42,-608.28,0.0806
43,-125.71,0.0802
44,-103.0,0.0798
45,-293.56,0.0794
46,-1927.91,0.079
47,-289.66,0.0786
48,-124.69,0.0782
49,-300.4,0.0778
50,-136.68,0.0774
51,-130.18,0.0771
52,-125.98,0.0767
53,-385.01,0.0763
54,-135.37,0.0759
55,-133.63,0.0755
56,-110.65,0.0751
57,-128.87,0.0748
58,-105.98,0.0744
59,-1133.94,0.074
60,-103.23,0.0737
61,-110.3,0.0733
62,-435.34,0.0729
63,-155.02,0.0726
64,-482.63,0.0722
65,-125.28,0.0718
66,-157.6,0.0715
67,-114.28,0.0711
68,-130.38,0.0708
69,-115.87,0.0704
70,-118.35,0.0701
71,-892.66,0.0697
72,-768.62,0.0694
73,-634.08,0.069
74,-1247.86,0.0687
75,-105.47,0.0683
76,-126.87,0.068
77,-133.28,0.0676
78,-175.88,0.0673
79,-122.6,0.067
80,-122.74,0.0666
81,-102.97,0.0663
82,-1692.18,0.066
83,-123.58,0.0656
84,-104.39,0.0653
85,-99.47,0.065
86,-102.54,0.0647
87,-98.63,0.0643
88,-103.9,0.064
89,-105.55,0.0637
90,-101.21,0.0634
91,-101.67,0.0631
92,-99.11,0.0627
93,-99.93,0.0624
94,-748.92,0.0621
95,-95.7,0.0618
96,-95.43,0.0615
97,-103.29,0.0612
98,-100.09,0.0609
99,-104.37,0.0606
100,-104.17,0.0603
101,-1902.18,0.06
102,-901.3,0.0597
103,-463.41,0.0594
104,-98.26,0.0591
105,-99.32,0.0588
106,-101.03,0.0585
107,-149.05,0.0582
108,-103.61,0.0579
109,-4866.89,0.0576
110,-3254.1,0.0573
111,-112.69,0.057
112,-124.31,0.0568
113,-103.85,0.0565
114,-121.48,0.0562
115,-116.76,0.0559
116,-111.77,0.0556
117,-466.11,0.0554
118,-2286.59,0.0551
119,-1490.64,0.0548
120,-101.13,0.0545
121,-125.13,0.0543
122,-131.27,0.054
123,-615.52,0.0537
124,-168.47,0.0534
125,-129.84,0.0532
126,-100.05,0.0529
127,-146.77,0.0526
128,-128.23,0.0524
129,-1543.88,0.0521
130,-98.1,0.0519
131,-2351.95,0.0516
132,-106.68,0.0513
133,-112.62,0.0511
134,-104.3,0.0508
135,-116.43,0.0506
136,-941.76,0.0503
137,-135.54,0.0501
138,-127.5,0.0498
139,-5046.29,0.0496
140,-123.13,0.0493
141,-134.54,0.0491
142,-3969.61,0.0488
143,-1998.69,0.0486
144,-137.81,0.0483
145,-353.73,0.0481
146,-990.38,0.0479
147,-589.03,0.0476
148,-102.37,0.0474
149,-137.69,0.0471
150,-148.26,0.0469
151,-106.98,0.0467
152,-130.01,0.0464
153,-147.81,0.0462
154,-2296.57,0.046
155,-1823.25,0.0458
156,-2057.4,0.0455
157,-1995.54,0.0453
158,-1182.94,0.0451
159,-7222.02,0.0448
160,-5536.63,0.0446
161,-157.73,0.0444
162,-101.36,0.0442
163,-125.15,0.044
164,-418.09,0.0437
165,-136.31,0.0435
166,-6080.6,0.0433
167,-164.1,0.0431
168,-145.9,0.0429
169,-128.84,0.0427
170,-159.55,0.0424
171,-8923.94,0.0422
172,-180.58,0.042
173,-141.04,0.0418
174,-105.7,0.0416
175,-115.63,0.0414
176,-117.33,0.0412
177,-668.79,0.041
178,-407.77,0.0408
179,-158.1,0.0406
180,-112.2,0.0404
181,-142.65,0.0402
182,-2613.98,0.04
183,-111.7,0.0398
184,-338.31,0.0396
185,-143.91,0.0394
186,-138.03,0.0392
187,-2402.69,0.039
188,-136.27,0.0388
189,-17795.19,0.0386
190,-787.07,0.0384
191,-98.12,0.0382
192,-175.39,0.038
193,-145.17,0.0378
194,-217.2,0.0376
195,-12988.33,0.0374
196,-563.16,0.0373
197,-184.9,0.0371
198,-160.56,0.0369
199,-110.96,0.0367
200,-229.12,0.0365
201,-14724.18,0.0363
202,-226.88,0.0361
203,-3217.9,0.036
204,-143.61,0.0358
205,-126.15,0.0356
206,-187.85,0.0354
207,-113.86,0.0353
208,-119.47,0.0351
209,-4075.51,0.0349
210,-884.91,0.0347
211,-114.69,0.0346
212,-1614.46,0.0344
213,-2222.8,0.0342
214,-125.94,0.034
215,-1209.26,0.0339
216,-224.46,0.0337
217,-99.11,0.0335
218,-194.45,0.0334
219,-118.93,0.0332
220,-215.58,0.033
221,-141.13,0.0329
222,-118.58,0.0327
223,-111.96,0.0325
224,-152.37,0.0324
225,-97.83,0.0322
226,-114.61,0.0321
227,-8510.51,0.0319
228,-146.73,0.0317
229,-134.67,0.0316
230,-1545.51,0.0314
231,-2233.96,0.0313
232,-2649.68,0.0311
233,-195.73,0.0309
234,-254.64,0.0308
235,-5982.16,0.0306
236,-1410.72,0.0305
237,-111.29,0.0303
238,-119.46,0.0302
239,-116.2,0.03
240,-160.5,0.0299
241,-156.78,0.0297
242,-9070.0,0.0296
243,-151.32,0.0294
244,-228.3,0.0293
245,-2271.78,0.0291
246,-5474.3,0.029
247,-216.4,0.0288
248,-4252.71,0.0287
249,-3767.48,0.0286
250,-161.45,0.0284
251,-4279.26,0.0283
252,-9375.4,0.0281
253,-101.79,0.028
254,-108.57,0.0279
255,-146.69,0.0277
256,-123.59,0.0276
257,-167.1,0.0274
258,-3543.59,0.0273
259,-99.05,0.0272
260,-131.59,0.027
261,-676.18,0.0269
262,-2449.64,0.0268
263,-102.88,0.0266
264,-112.07,0.0265
265,-115.0,0.0264
266,-203.73,0.0262
267,-6069.16,0.0261
268,-120.56,0.026
269,-146.87,0.0258
270,-2549.57,0.0257
271,-7525.68,0.0256
272,-844.45,0.0255
273,-114.02,0.0253
274,-1652.94,0.0252
275,-2368.71,0.0251
276,-3481.97,0.0249
277,-107.94,0.0248
278,-135.19,0.0247
279,-123.73,0.0246
280,-105.89,0.0245
281,-149.75,0.0243
282,-117.62,0.0242
283,-107.39,0.0241
284,-2497.52,0.024
285,-2426.93,0.0238
286,-100.8,0.0237
287,-123.47,0.0236
288,-148.18,0.0235
289,-105.45,0.0234
290,-99.3,0.0233
291,-113.02,0.0231
292,-153.17,0.023
293,-124.56,0.0229
294,-120.75,0.0228
295,-103.57,0.0227
296,-138.43,0.0226
297,-118.99,0.0225
298,-14856.57,0.0223
299,-131.01,0.0222
300,-102.4,0.0221
301,-100.95,0.022
302,-135.85,0.0219
303,-103.05,0.0218
304,-174.94,0.0217
305,-113.98,0.0216
306,-279.51,0.0215
307,-14209.66,0.0214
308,-4541.74,0.0212
309,-258.96,0.0211
310,-321.42,0.021
311,-15518.08,0.0209
312,-136.0,0.0208
313,-4656.47,0.0207
314,-177.13,0.0206
315,-4151.41,0.0205
316,-6480.34,0.0204
317,-194.34,0.0203
318,-4682.41,0.0202
319,-4599.57,0.0201
320,-169.47,0.02
321,-149.97,0.02
322,-2551.42,0.02
323,-183.17,0.02
324,-1680.74,0.02
325,-2565.69,0.02
326,-175.01,0.02
327,-126.04,0.02
328,-263.11,0.02
329,-6812.08,0.02
330,-4982.04,0.02
331,-5964.05,0.02
332,-970.83,0.02
333,-336.0,0.02
334,-135.7,0.02
335,-133.07,0.02
336,-292.08,0.02
337,-2530.14,0.02
338,-178.34,0.02
339,-133.51,0.02
340,-107.34,0.02
341,-9992.2,0.02
342,-203.45,0.02
343,-353.62,0.02
344,-7175.73,0.02
345,-4776.24,0.02
346,-241.56,0.02
347,-105.93,0.02
348,-141.7,0.02
349,-191.54,0.02
350,-122.49,0.02
351,-288.18,0.02
352,-157.2,0.02
353,-158.88,0.02
354,-138.64,0.02
355,-1247.95,0.02
356,-181.1,0.02
357,-205.25,0.02
358,-10224.58,0.02
359,-267.17,0.02
360,-2554.81,0.02
361,-5719.22,0.02
362,-13694.81,0.02
363,-145.52,0.02
364,-2567.74,0.02
365,-114.84,0.02
366,-250.98,0.02
367,-585.94,0.02
368,-8726.25,0.02
369,-231.02,0.02
370,-125.61,0.02
371,-281.86,0.02
372,-1880.96,0.02
373,-147.13,0.02
374,-4407.4,0.02
375,-5657.96,0.02
376,-102.86,0.02
377,-102.36,0.02
378,-6162.78,0.02
379,-247.76,0.02
380,-9527.3,0.02
381,-116.83,0.02
382,-100.66,0.02
383,-232.97,0.02
384,-2567.42,0.02
385,-4934.46,0.02
386,-4725.41,0.02
387,-3671.22,0.02
388,-5109.82,0.02
389,-115.67,0.02
390,-12180.15,0.02
391,-2561.05,0.02
392,-215.12,0.02
393,-4565.12,0.02
394,-4116.66,0.02
395,-176.16,0.02
396,-6844.19,0.02
397,-245.07,0.02
398,-2678.42,0.02
399,-258.2,0.02
400,-8375.71,0.02
401,-178.82,0.02
402,-7014.9,0.02
403,-6953.14,0.02
404,-4381.34,0.02
405,-132.8,0.02
406,-120.35,0.02
407,-203.75,0.02
408,-3581.65,0.02
409,-6925.21,0.02
410,-256.74,0.02
411,-11930.29,0.02
412,-131.72,0.02
413,-272.81,0.02
414,-2111.99,0.02
415,-128.35,0.02
416,-2964.0,0.02
417,-166.05,0.02
418,-2578.93,0.02
419,-242.87,0.02
420,-2624.92,0.02
421,-1137.67,0.02
422,-2634.43,0.02
423,-10922.47,0.02
424,-260.88,0.02
425,-7973.43,0.02
426,-5938.37,0.02
427,-1613.47,0.02
428,-185.24,0.02
429,-1989.05,0.02
430,-5778.48,0.02
431,-6510.22,0.02
432,-156.7,0.02
433,-125.14,0.02
434,-136.52,0.02
435,-131.47,0.02
436,-112.85,0.02
437,-165.25,0.02
438,-110.06,0.02
439,-132.29,0.02
440,-222.88,0.02
441,-206.96,0.02
442,-266.44,0.02
443,-323.33,0.02
444,-12320.77,0.02
445,-100.32,0.02
446,-3090.77,0.02
447,-111.2,0.02
448,-344.02,0.02
449,-158.03,0.02
450,-183.79,0.02
451,-7555.43,0.02
452,-5701.23,0.02
453,-183.37,0.02
454,-153.84,0.02
455,-14219.58,0.02
456,-454.68,0.02
457,-233.8,0.02
458,-3532.72,0.02
459,-228.26,0.02
460,-7043.03,0.02
461,-2512.81,0.02
462,-18873.85,0.02
463,-2626.5,0.02
464,-8539.04,0.02
465,-185.31,0.02
466,-106.43,0.02
467,-221.32,0.02
468,-146.06,0.02
469,-7860.97,0.02
470,-11911.29,0.02
471,-136.46,0.02
472,-2583.87,0.02
473,-15205.27,0.02
474,-2175.48,0.02
475,-429.18,0.02
476,-3687.54,0.02
477,-141.36,0.02
478,-113.11,0.02
479,-183.3,0.02
480,-112.58,0.02
481,-110.71,0.02
482,-134.03,0.02
483,-159.35,0.02
484,-115.47,0.02
485,-161.27,0.02
486,-139.71,0.02
487,-261.72,0.02
488,-2251.96,0.02
489,-102.58,0.02
490,-115.54,0.02
491,-124.83,0.02
492,-107.44,0.02
493,-2706.62,0.02
494,-4496.59,0.02
495,-7092.01,0.02
496,-212.66,0.02
497,-127.28,0.02
498,-4807.16,0.02
499,-8520.87,0.02
500,-306.72,0.02
501,-13385.39,0.02
502,-238.55,0.02
503,-1467.68,0.02
504,-170.19,0.02
505,-4712.16,0.02
506,-221.53,0.02
507,-5249.3,0.02
508,-349.86,0.02
509,-316.71,0.02
510,-1397.42,0.02
511,-246.12,0.02
512,-189.43,0.02
513,-100.19,0.02
514,-207.85,0.02
515,-10359.17,0.02
516,-4777.33,0.02
517,-222.34,0.02
518,-2568.4,0.02
519,-17830.96,0.02
520,-2671.84,0.02
521,-4765.6,0.02
522,-347.1,0.02
523,-2552.49,0.02
524,-2135.38,0.02
525,-2577.88,0.02
526,-335.78,0.02
527,-6162.56,0.02
528,-5811.9,0.02
529,-3805.84,0.02
530,-100.96,0.02
531,-190.87,0.02
532,-5633.86,0.02
533,-191.54,0.02
534,-198.36,0.02
535,-4797.74,0.02
536,-2586.16,0.02
537,-109.42,0.02
538,-7947.07,0.02
539,-153.83,0.02
540,-169.34,0.02
541,-2590.12,0.02
542,-3278.62,0.02
543,-160.23,0.02
544,-170.35,0.02
545,-4027.68,0.02
546,-13217.42,0.02
547,-349.36,0.02
548,-131.66,0.02
549,-253.53,0.02
550,-154.29,0.02
551,-163.1,0.02
552,-132.74,0.02
553,-184.69,0.02
554,-145.43,0.02
555,-168.51,0.02
556,-126.39,0.02
557,-117.6,0.02
558,-211.65,0.02
559,-134.15,0.02
560,-133.9,0.02
561,-173.64,0.02
562,-118.85,0.02
563,-130.06,0.02
564,-212.64,0.02
565,-9585.7,0.02
566,-2530.64,0.02
567,-141.14,0.02
568,-117.45,0.02
569,-129.27,0.02
570,-127.03,0.02
571,-122.76,0.02
572,-247.96,0.02
573,-135.99,0.02
574,-107.8,0.02
575,-98.93,0.02
576,-100.96,0.02
577,-143.07,0.02
578,-142.56,0.02
579,-115.4,0.02
580,-133.13,0.02
581,-8465.28,0.02
582,-141.27,0.02
583,-118.19,0.02
584,-135.76,0.02
585,-110.85,0.02
586,-118.59,0.02
587,-7601.98,0.02
588,-285.26,0.02
589,-1216.05,0.02
590,-228.53,0.02
591,-158.53,0.02
592,-191.27,0.02
593,-25331.32,0.02
594,-177.33,0.02
595,-6795.82,0.02
596,-3271.83,0.02
597,-6372.59,0.02
598,-229.37,0.02
599,-3361.41,0.02
600,-123.24,0.02
601,-5690.52,0.02
602,-1995.12,0.02
603,-191.02,0.02
604,-4833.47,0.02
605,-141.55,0.02
606,-204.48,0.02
607,-17019.56,0.02
608,-190.79,0.02
609,-134.36,0.02
610,-4970.27,0.02
611,-1682.15,0.02
612,-1262.81,0.02
613,-2834.87,0.02
614,-135.67,0.02
615,-7148.85,0.02
616,-304.45,0.02
617,-147.17,0.02
618,-4054.81,0.02
619,-1142.23,0.02
620,-159.83,0.02
621,-227.55,0.02
622,-9150.91,0.02
623,-149.18,0.02
624,-206.13,0.02
625,-177.15,0.02
626,-7212.01,0.02
627,-3006.82,0.02
628,-5021.51,0.02
629,-5072.01,0.02
630,-179.47,0.02
631,-309.74,0.02
632,-3209.55,0.02
633,-393.04,0.02
634,-179.57,0.02
635,-3987.8,0.02
636,-112.62,0.02
637,-195.97,0.02
638,-2632.41,0.02
639,-4776.23,0.02
640,-208.72,0.02
641,-4745.29,0.02
642,-164.05,0.02
643,-8534.49,0.02
644,-362.9,0.02
645,-182.53,0.02
646,-292.09,0.02
647,-97.3,0.02
648,-99.5,0.02
649,-124.56,0.02
650,-175.79,0.02
651,-150.77,0.02
652,-205.51,0.02
653,-175.16,0.02
654,-16035.35,0.02
655,-176.79,0.02
656,-113.67,0.02
657,-138.29,0.02
658,-143.92,0.02
659,-144.32,0.02
660,-141.15,0.02
661,-176.2,0.02
662,-132.05,0.02
663,-7248.68,0.02
664,-102.94,0.02
665,-272.87,0.02
666,-612.23,0.02
667,-108.69,0.02
668,-111.68,0.02
669,-118.06,0.02
670,-102.52,0.02
671,-122.85,0.02
672,-111.2,0.02
673,-162.27,0.02
674,-103.69,0.02
675,-120.92,0.02
676,-154.22,0.02
677,-2566.58,0.02
678,-2535.37,0.02
679,-107.48,0.02
680,-163.61,0.02
681,-182.33,0.02
682,-135.06,0.02
683,-171.76,0.02
684,-110.64,0.02
685,-136.96,0.02
686,-121.49,0.02
687,-136.17,0.02
688,-14302.18,0.02
689,-139.93,0.02
690,-174.46,0.02
691,-102.35,0.02
692,-148.28,0.02
693,-168.04,0.02
694,-105.77,0.02
695,-146.26,0.02
696,-191.9,0.02
697,-111.62,0.02
698,-123.09,0.02
699,-132.32,0.02
700,-114.73,0.02
701,-122.99,0.02
702,-899.59,0.02
703,-4909.96,0.02
704,-114.07,0.02
705,-126.88,0.02
706,-9230.71,0.02
707,-155.18,0.02
708,-154.6,0.02
709,-3615.27,0.02
710,-160.32,0.02
711,-109.83,0.02
712,-109.03,0.02
713,-139.14,0.02
714,-183.81,0.02
715,-137.51,0.02
716,-121.49,0.02
717,-139.49,0.02
718,-114.47,0.02
719,-5943.0,0.02
720,-142.76,0.02
721,-100.24,0.02
722,-115.66,0.02
723,-103.32,0.02
724,-130.18,0.02
725,-112.6,0.02
726,-111.56,0.02
727,-116.81,0.02
728,-198.84,0.02
729,-1082.45,0.02
730,-6375.74,0.02
731,-124.65,0.02
732,-134.65,0.02
733,-192.09,0.02
734,-2813.51,0.02
735,-2563.75,0.02
736,-3806.08,0.02
737,-11073.62,0.02
738,-10315.96,0.02
739,-1549.91,0.02
740,-260.45,0.02
741,-2417.29,0.02
742,-184.4,0.02
743,-156.53,0.02
744,-118.47,0.02
745,-2612.21,0.02
746,-4240.14,0.02
747,-2578.37,0.02
748,-2712.17,0.02
749,-165.72,0.02
750,-174.27,0.02
751,-166.53,0.02
752,-5769.92,0.02
753,-119.32,0.02
754,-6250.42,0.02
755,-147.55,0.02
756,-1349.72,0.02
757,-3704.98,0.02
758,-146.75,0.02
759,-110.0,0.02
760,-3552.26,0.02
761,-4484.79,0.02
762,-2563.12,0.02
763,-2518.02,0.02
764,-6233.87,0.02
765,-196.83,0.02
766,-9851.89,0.02
767,-139.59,0.02
768,-242.26,0.02
769,-158.9,0.02
770,-8902.76,0.02
771,-116.37,0.02
772,-265.31,0.02
773,-254.03,0.02
774,-215.59,0.02
775,-15299.78,0.02
776,-154.69,0.02
777,-127.14,0.02
778,-176.39,0.02
779,-231.01,0.02
780,-217.23,0.02
781,-168.04,0.02
782,-176.84,0.02
783,-2612.28,0.02
784,-3091.37,0.02
785,-205.16,0.02
786,-5503.85,0.02
787,-24381.98,0.02
788,-245.11,0.02
789,-4201.96,0.02
790,-101.75,0.02
791,-197.37,0.02
792,-6700.11,0.02
793,-151.51,0.02
794,-115.55,0.02
795,-270.82,0.02
796,-2582.04,0.02
797,-15931.34,0.02
798,-147.44,0.02
799,-286.78,0.02
800,-203.46,0.02
801,-14842.65,0.02
802,-211.6,0.02
803,-289.69,0.02
804,-116.08,0.02
805,-133.11,0.02
806,-21347.69,0.02
807,-229.1,0.02
808,-2616.19,0.02
809,-8398.98,0.02
810,-225.09,0.02
811,-3960.61,0.02
812,-186.61,0.02
813,-244.03,0.02
814,-125.42,0.02
815,-148.0,0.02
816,-182.91,0.02
817,-104.91,0.02
818,-167.11,0.02
819,-231.08,0.02
820,-152.52,0.02
821,-128.88,0.02
822,-109.69,0.02
823,-116.46,0.02
824,-255.74,0.02
825,-8578.65,0.02
826,-309.76,0.02
827,-144.41,0.02
828,-122.13,0.02
829,-124.5,0.02
830,-135.62,0.02
831,-165.41,0.02
832,-182.2,0.02
833,-126.05,0.02
834,-133.74,0.02
835,-102.57,0.02
836,-20799.26,0.02
837,-2513.43,0.02
838,-144.94,0.02
839,-3743.07,0.02
840,-2585.13,0.02
841,-200.08,0.02
842,-234.99,0.02
843,-267.32,0.02
844,-3153.56,0.02
845,-201.77,0.02
846,-173.55,0.02
847,-2573.7,0.02
848,-265.78,0.02
849,-329.83,0.02
850,-2510.21,0.02
851,-2482.71,0.02
852,-6614.23,0.02
853,-112.09,0.02
854,-223.38,0.02
855,-12908.71,0.02
856,-163.78,0.02
857,-2438.47,0.02
858,-120.65,0.02
859,-176.82,0.02
860,-204.09,0.02
861,-290.12,0.02
862,-133.71,0.02
863,-185.55,0.02
864,-2593.88,0.02
865,-5006.74,0.02
866,-206.31,0.02
867,-3090.38,0.02
868,-4058.94,0.02
869,-2571.15,0.02
870,-176.26,0.02
871,-14576.68,0.02
872,-7796.3,0.02
873,-8557.05,0.02
874,-169.31,0.02
875,-11542.03,0.02
876,-195.46,0.02
877,-2643.44,0.02
878,-5372.95,0.02
879,-208.65,0.02
880,-129.48,0.02
881,-2557.79,0.02
882,-2626.98,0.02
883,-194.68,0.02
884,-141.95,0.02
885,-2562.11,0.02
886,-309.96,0.02
887,-845.94,0.02
888,-154.49,0.02
889,-140.55,0.02
890,-254.15,0.02
891,-147.45,0.02
892,-14834.86,0.02
893,-147.52,0.02
894,-4801.07,0.02
895,-203.34,0.02
896,-4652.97,0.02
897,-146.39,0.02
898,-171.61,0.02
899,-156.09,0.02
900,-147.39,0.02
901,-143.21,0.02
902,-5726.28,0.02
903,-130.47,0.02
904,-221.39,0.02
905,-275.0,0.02
906,-3106.12,0.02
907,-127.22,0.02
908,-6123.43,0.02
909,-181.78,0.02
910,-164.39,0.02
911,-113.37,0.02
912,-164.69,0.02
913,-105.3,0.02
914,-153.06,0.02
915,-156.47,0.02
916,-177.08,0.02
917,-168.54,0.02
918,-149.35,0.02
919,-165.07,0.02
920,-2596.72,0.02
921,-189.77,0.02
922,-4326.67,0.02
923,-10775.6,0.02
924,-195.96,0.02
925,-257.51,0.02
926,-4471.98,0.02
927,-194.8,0.02
928,-125.21,0.02
929,-2611.42,0.02
930,-267.53,0.02
931,-114.5,0.02
932,-2698.92,0.02
933,-107.0,0.02
934,-5545.69,0.02
935,-182.87,0.02
936,-131.13,0.02
937,-201.95,0.02
938,-137.94,0.02
939,-6898.82,0.02
940,-252.71,0.02
941,-193.94,0.02
942,-10873.72,0.02
943,-250.3,0.02
944,-129.06,0.02
945,-239.59,0.02
946,-13062.99,0.02
947,-236.81,0.02
948,-189.53,0.02
949,-2601.5,0.02
950,-5503.18,0.02
951,-6397.68,0.02
952,-172.63,0.02
953,-146.38,0.02
954,-211.31,0.02
955,-210.21,0.02
956,-270.93,0.02
957,-103.22,0.02
958,-3790.5,0.02
959,-143.47,0.02
960,-129.06,0.02
961,-13024.58,0.02
962,-234.27,0.02
963,-219.71,0.02
964,-223.51,0.02
965,-119.13,0.02
966,-227.18,0.02
967,-204.02,0.02
968,-125.28,0.02
969,-233.59,0.02
970,-143.4,0.02
971,-5697.18,0.02
972,-216.74,0.02
973,-130.76,0.02
974,-176.53,0.02
975,-109.98,0.02
976,-8357.19,0.02
977,-4589.16,0.02
978,-1936.98,0.02
979,-4136.78,0.02
980,-4490.84,0.02
981,-10400.19,0.02
982,-1703.19,0.02
983,-176.64,0.02
984,-245.35,0.02
985,-6959.17,0.02
986,-263.71,0.02
987,-150.12,0.02
988,-5845.54,0.02
989,-2636.73,0.02
990,-132.65,0.02
991,-6938.68,0.02
992,-371.69,0.02
993,-9501.77,0.02
994,-307.77,0.02
995,-98.24,0.02
996,-124.49,0.02
997,-2566.88,0.02
998,-7043.18,0.02
999,-2559.25,0.02
1000,-6872.2,0.02
1001,-3796.58,0.02
1002,-2588.78,0.02
1003,-110.35,0.02
1004,-11916.71,0.02
1005,-114.76,0.02
1006,-219.61,0.02
1007,-4888.21,0.02
1008,-124.03,0.02
1009,-153.79,0.02
1010,-122.14,0.02
1011,-148.55,0.02
1012,-126.75,0.02
1013,-218.49,0.02
1014,-374.24,0.02
1015,-13301.43,0.02
1016,-180.84,0.02
1017,-16684.93,0.02
1018,-206.47,0.02
1019,-132.79,0.02
1020,-300.5,0.02
1021,-1997.14,0.02
1022,-133.52,0.02
1023,-105.7,0.02
1024,-7628.37,0.02
1025,-109.15,0.02
1026,-242.74,0.02
1027,-17673.82,0.02
1028,-207.62,0.02
1029,-220.17,0.02
1030,-166.61,0.02
1031,-197.63,0.02
1032,-104.88,0.02
1033,-165.13,0.02
1034,-125.21,0.02
1035,-189.79,0.02
1036,-113.15,0.02
1037,-4801.59,0.02
1038,-107.76,0.02
1039,-147.43,0.02
1040,-130.52,0.02
1041,-145.59,0.02
1042,-5491.06,0.02
1043,-292.12,0.02
1044,-99.41,0.02
1045,-105.31,0.02
1046,-110.51,0.02
1047,-168.6,0.02
1048,-129.38,0.02
1049,-122.32,0.02
1050,-117.77,0.02
1051,-105.41,0.02
1052,-168.3,0.02
1053,-4928.68,0.02
1054,-4752.81,0.02
1055,-298.36,0.02
1056,-207.68,0.02
1057,-236.78,0.02
1058,-271.16,0.02
1059,-289.12,0.02
1060,-228.46,0.02
1061,-126.32,0.02
1062,-2104.02,0.02
1063,-4345.0,0.02
1064,-28250.52,0.02
1065,-10433.89,0.02
1066,-15697.41,0.02
1067,-185.26,0.02
1068,-116.83,0.02
1069,-149.29,0.02
1070,-108.75,0.02
1071,-236.47,0.02
1072,-254.67,0.02
1073,-198.86,0.02
1074,-4855.01,0.02
1075,-4919.93,0.02
1076,-163.25,0.02
1077,-5208.15,0.02
1078,-116.93,0.02
1079,-115.29,0.02
1080,-107.42,0.02
1081,-979.43,0.02
1082,-164.91,0.02
1083,-119.05,0.02
1084,-159.08,0.02
1085,-124.48,0.02
1086,-2622.5,0.02
1087,-151.39,0.02
1088,-115.85,0.02
1089,-205.88,0.02
1090,-2559.91,0.02
1091,-2310.63,0.02
1092,-2596.91,0.02
1093,-2376.44,0.02
1094,-1589.54,0.02
1095,-359.15,0.02
1096,-10634.08,0.02
1097,-174.62,0.02
1098,-8176.28,0.02
1099,-2542.21,0.02
1100,-172.36,0.02
1101,-317.26,0.02
1102,-16818.91,0.02
1103,-146.86,0.02
1104,-210.76,0.02
1105,-136.42,0.02
1106,-6826.49,0.02
1107,-8645.12,0.02
1108,-110.15,0.02
1109,-5695.55,0.02
1110,-196.45,0.02
1111,-157.13,0.02
1112,-178.89,0.02
1113,-2666.68,0.02
1114,-2744.26,0.02
1115,-229.64,0.02
1116,-134.72,0.02
1117,-296.61,0.02
1118,-3374.16,0.02
1119,-8396.74,0.02
1120,-2567.71,0.02
1121,-3264.23,0.02
1122,-2879.11,0.02
1123,-164.37,0.02
1124,-3000.92,0.02
1125,-8342.49,0.02
1126,-15520.47,0.02
1127,-335.79,0.02
1128,-134.01,0.02
1129,-7006.85,0.02
1130,-117.12,0.02
1131,-221.63,0.02
1132,-239.63,0.02
1133,-143.55,0.02
1134,-177.43,0.02
1135,-260.74,0.02
1136,-5317.56,0.02
1137,-149.98,0.02
1138,-2721.47,0.02
1139,-5699.14,0.02
1140,-141.92,0.02
1141,-103.01,0.02
1142,-138.56,0.02
1143,-596.81,0.02
1144,-210.38,0.02
1145,-154.32,0.02
1146,-158.07,0.02
1147,-133.55,0.02
1148,-128.6,0.02
1149,-107.4,0.02
1150,-208.76,0.02
1151,-130.14,0.02
1152,-185.82,0.02
1153,-145.94,0.02
1154,-167.11,0.02
1155,-139.24,0.02
1156,-116.41,0.02
1157,-4877.08,0.02
1158,-151.38,0.02
1159,-180.47,0.02
1160,-2541.77,0.02
1161,-135.12,0.02
1162,-282.02,0.02
1163,-2585.82,0.02
1164,-101.47,0.02
1165,-7070.83,0.02
1166,-7417.16,0.02
1167,-164.2,0.02
1168,-271.6,0.02
1169,-187.75,0.02
1170,-155.97,0.02
1171,-169.65,0.02
1172,-7229.87,0.02
1173,-4824.68,0.02
1174,-2992.26,0.02
1175,-151.11,0.02
1176,-113.5,0.02
1177,-158.89,0.02
1178,-172.37,0.02
1179,-2582.71,0.02
1180,-251.15,0.02
1181,-192.38,0.02
1182,-172.07,0.02
1183,-5688.95,0.02
1184,-124.23,0.02
1185,-117.85,0.02
1186,-2636.38,0.02
1187,-4806.77,0.02
1188,-220.41,0.02
1189,-259.69,0.02
1190,-1906.91,0.02
1191,-135.32,0.02
1192,-139.41,0.02
1193,-15207.63,0.02
1194,-4576.64,0.02
1195,-192.78,0.02
1196,-282.27,0.02
1197,-4771.69,0.02
1198,-288.72,0.02
1199,-2572.28,0.02
1200,-343.23,0.02
1201,-994.38,0.02
1202,-4629.43,0.02
1203,-218.37,0.02
1204,-141.43,0.02
1205,-8055.43,0.02
1206,-5340.29,0.02
1207,-4781.4,0.02
1208,-2540.69,0.02
1209,-292.94,0.02
1210,-304.07,0.02
1211,-184.43,0.02
1212,-2632.36,0.02
1213,-18799.82,0.02
1214,-5733.72,0.02
1215,-317.4,0.02
1216,-205.51,0.02
1217,-145.22,0.02
1218,-8887.75,0.02
1219,-158.92,0.02
1220,-3094.35,0.02
1221,-309.76,0.02
1222,-2566.9,0.02
1223,-153.66,0.02
1224,-138.61,0.02
1225,-347.46,0.02
1226,-174.85,0.02
1227,-5558.3,0.02
1228,-7391.44,0.02
1229,-4922.9,0.02
1230,-106.72,0.02
1231,-217.67,0.02
1232,-2582.04,0.02
1233,-102.74,0.02
1234,-401.07,0.02
1235,-2502.31,0.02
1236,-183.78,0.02
1237,-358.97,0.02
1238,-2650.14,0.02
1239,-215.58,0.02
1240,-138.08,0.02
1241,-155.02,0.02
1242,-164.8,0.02
1243,-2528.2,0.02
1244,-303.55,0.02
1245,-512.69,0.02
1246,-1413.05,0.02
1247,-3091.6,0.02
1248,-99.02,0.02
1249,-334.66,0.02
1250,-145.09,0.02
1251,-8437.18,0.02
1252,-3746.78,0.02
1253,-161.52,0.02
1254,-8232.04,0.02
1255,-3559.7,0.02
1256,-138.69,0.02
1257,-3706.03,0.02
1258,-5970.24,0.02
1259,-2578.18,0.02
1260,-2191.65,0.02
1261,-13779.75,0.02
1262,-105.42,0.02
1263,-286.19,0.02
1264,-103.4,0.02
1265,-107.26,0.02
1266,-2085.09,0.02
1267,-141.39,0.02
1268,-120.26,0.02
1269,-127.1,0.02
1270,-2619.86,0.02
1271,-101.26,0.02
1272,-7069.23,0.02
1273,-133.97,0.02
1274,-117.7,0.02
1275,-185.92,0.02
1276,-131.55,0.02
1277,-167.99,0.02
1278,-113.8,0.02
1279,-112.96,0.02
1280,-124.37,0.02
1281,-2473.22,0.02
1282,-7839.2,0.02
1283,-113.14,0.02
1284,-3175.16,0.02
1285,-7300.11,0.02
1286,-131.82,0.02
1287,-134.28,0.02
1288,-8386.1,0.02
1289,-98.22,0.02
1290,-159.71,0.02
1291,-128.86,0.02
1292,-104.73,0.02
1293,-125.24,0.02
1294,-1583.29,0.02
1295,-135.05,0.02
1296,-114.63,0.02
1297,-1983.75,0.02
1298,-101.56,0.02
1299,-152.91,0.02
1300,-106.13,0.02
1301,-116.54,0.02
1302,-152.84,0.02
1303,-148.92,0.02
1304,-115.91,0.02
1305,-146.58,0.02
1306,-132.99,0.02
1307,-123.63,0.02
1308,-121.97,0.02
1309,-115.01,0.02
1310,-117.56,0.02
1311,-154.79,0.02
1312,-18390.02,0.02
1313,-106.53,0.02
1314,-129.6,0.02
1315,-2649.31,0.02
1316,-1228.4,0.02
1317,-492.3,0.02
1318,-1518.33,0.02
1319,-206.01,0.02
1320,-2989.2,0.02
1321,-2814.33,0.02
1322,-2537.0,0.02
1323,-174.04,0.02
1324,-2516.76,0.02
1325,-185.19,0.02
1326,-338.64,0.02
1327,-135.91,0.02
1328,-226.76,0.02
1329,-1705.37,0.02
1330,-162.43,0.02
1331,-130.36,0.02
1332,-245.12,0.02
1333,-147.34,0.02
1334,-143.67,0.02
1335,-2639.0,0.02
1336,-121.66,0.02
1337,-107.07,0.02
1338,-167.37,0.02
1339,-8698.02,0.02
1340,-5684.76,0.02
1341,-159.26,0.02
1342,-1060.94,0.02
1343,-2268.36,0.02
1344,-8029.01,0.02
1345,-157.33,0.02
1346,-163.81,0.02
1347,-159.14,0.02
1348,-143.06,0.02
1349,-189.5,0.02
1350,-3790.81,0.02
1351,-129.97,0.02
1352,-345.76,0.02
1353,-213.78,0.02
1354,-178.43,0.02
1355,-156.75,0.02
1356,-129.62,0.02
1357,-343.31,0.02
1358,-661.88,0.02
1359,-129.47,0.02
1360,-1821.04,0.02
1361,-2563.31,0.02
1362,-176.94,0.02
1363,-597.33,0.02
1364,-157.82,0.02
1365,-194.85,0.02
1366,-274.55,0.02
1367,-149.27,0.02
1368,-155.64,0.02
1369,-2574.15,0.02
1370,-143.14,0.02
1371,-7176.95,0.02
1372,-266.17,0.02
1373,-2426.16,0.02
1374,-173.8,0.02
1375,-157.68,0.02
1376,-7090.52,0.02
1377,-6141.59,0.02
1378,-178.45,0.02
1379,-221.9,0.02
1380,-2631.01,0.02
1381,-2887.15,0.02
1382,-2123.82,0.02
1383,-1090.77,0.02
1384,-160.5,0.02
1385,-1747.53,0.02
1386,-2539.43,0.02
1387,-26427.47,0.02
1388,-145.01,0.02
1389,-138.03,0.02
1390,-25929.0,0.02
1391,-148.91,0.02
1392,-263.09,0.02
1393,-173.45,0.02
1394,-2646.65,0.02
1395,-6437.61,0.02
1396,-26570.64,0.02
1397,-7275.59,0.02
1398,-98.06,0.02
1399,-175.03,0.02
1400,-180.65,0.02
1401,-240.49,0.02
1402,-652.85,0.02
1403,-20350.26,0.02
1404,-3937.95,0.02
1405,-181.93,0.02
1406,-148.49,0.02
1407,-129.85,0.02
1408,-102.77,0.02
1409,-2640.89,0.02
1410,-362.87,0.02
1411,-8554.62,0.02
1412,-2560.58,0.02
1413,-6082.98,0.02
1414,-162.65,0.02
1415,-2616.44,0.02
1416,-2541.99,0.02
1417,-100.33,0.02
1418,-418.04,0.02
1419,-165.32,0.02
1420,-192.25,0.02
1421,-2575.46,0.02
1422,-2622.1,0.02
1423,-141.16,0.02
1424,-4603.95,0.02
1425,-129.01,0.02
1426,-265.18,0.02
1427,-139.67,0.02
1428,-5796.27,0.02
1429,-2419.91,0.02
1430,-136.67,0.02
1431,-5668.81,0.02
1432,-135.13,0.02
1433,-4897.64,0.02
1434,-423.5,0.02
1435,-224.95,0.02
1436,-156.59,0.02
1437,-2575.56,0.02
1438,-6108.11,0.02
1439,-127.78,0.02
1440,-2649.44,0.02
1441,-129.03,0.02
1442,-108.43,0.02
1443,-105.85,0.02
1444,-2727.8,0.02
1445,-167.0,0.02
1446,-1476.0,0.02
1447,-326.64,0.02
1448,-229.57,0.02
1449,-4861.64,0.02
1450,-10384.79,0.02
1451,-299.51,0.02
1452,-2574.8,0.02
1453,-208.58,0.02
1454,-2547.56,0.02
1455,-3945.95,0.02
1456,-179.58,0.02
1457,-151.69,0.02
1458,-280.54,0.02
1459,-282.38,0.02
1460,-208.7,0.02
1461,-338.41,0.02
1462,-14944.42,0.02
1463,-478.35,0.02
1464,-125.34,0.02
1465,-176.25,0.02
1466,-2530.2,0.02
1467,-4366.45,0.02
1468,-8073.52,0.02
1469,-157.09,0.02
1470,-2612.98,0.02
1471,-4929.24,0.02
1472,-374.57,0.02
1473,-7712.17,0.02
1474,-7279.1,0.02
1475,-2558.18,0.02
1476,-157.76,0.02
1477,-120.15,0.02
1478,-2069.1,0.02
1479,-17071.29,0.02
1480,-145.98,0.02
1481,-5706.48,0.02
1482,-14384.99,0.02
1483,-209.28,0.02
1484,-34061.39,0.02
1485,-8063.42,0.02
1486,-165.6,0.02
1487,-101.77,0.02
1488,-169.42,0.02
1489,-180.48,0.02
1490,-117.16,0.02
1491,-305.79,0.02
1492,-4091.95,0.02
1493,-7361.17,0.02
1494,-5297.28,0.02
1495,-167.19,0.02
1496,-197.5,0.02
1497,-4427.41,0.02
1498,-868.83,0.02
1499,-2933.76,0.02
1500,-191.77,0.02
1501,-427.23,0.02
1502,-140.02,0.02
1503,-2096.55,0.02
1504,-2570.2,0.02
1505,-99.6,0.02
1506,-126.73,0.02
1507,-9211.87,0.02
1508,-195.33,0.02
1509,-2560.19,0.02
1510,-10244.58,0.02
1511,-184.65,0.02
1512,-814.56,0.02
1513,-2534.59,0.02
1514,-266.35,0.02
1515,-4836.23,0.02
1516,-224.06,0.02
1517,-6626.67,0.02
1518,-3568.61,0.02
1519,-7259.54,0.02
1520,-232.36,0.02
1521,-2594.1,0.02
1522,-133.89,0.02
1523,-2670.9,0.02
1524,-230.02,0.02
1525,-2502.17,0.02
1526,-408.8,0.02
1527,-237.45,0.02
1528,-21067.64,0.02
1529,-2550.44,0.02
1530,-264.98,0.02
1531,-150.33,0.02
1532,-925.57,0.02
1533,-161.09,0.02
1534,-190.88,0.02
1535,-275.42,0.02
1536,-151.51,0.02
1537,-163.21,0.02
1538,-153.52,0.02
1539,-120.81,0.02
1540,-152.01,0.02
1541,-203.81,0.02
1542,-2506.76,0.02
1543,-108.41,0.02
1544,-147.86,0.02
1545,-4932.77,0.02
1546,-4902.73,0.02
1547,-4904.49,0.02
1548,-113.09,0.02
1549,-617.07,0.02
1550,-386.21,0.02
1551,-205.45,0.02
1552,-2678.75,0.02
1553,-145.3,0.02
1554,-215.06,0.02
1555,-299.22,0.02
1556,-6221.77,0.02
1557,-130.19,0.02
1558,-4811.3,0.02
1559,-159.1,0.02
1560,-272.65,0.02
1561,-124.52,0.02
1562,-2166.55,0.02
1563,-255.52,0.02
1564,-270.23,0.02
1565,-2528.22,0.02
1566,-202.4,0.02
1567,-112.24,0.02
1568,-149.69,0.02
1569,-185.88,0.02
1570,-115.91,0.02
1571,-626.44,0.02
1572,-251.94,0.02
1573,-162.35,0.02
1574,-3128.45,0.02
1575,-165.01,0.02
1576,-637.51,0.02
1577,-2865.33,0.02
1578,-251.42,0.02
1579,-11623.87,0.02
1580,-222.49,0.02
1581,-99.43,0.02
1582,-137.82,0.02
1583,-171.43,0.02
1584,-120.07,0.02
1585,-144.11,0.02
1586,-126.52,0.02
1587,-152.73,0.02
1588,-100.06,0.02
1589,-8561.18,0.02
1590,-113.99,0.02
1591,-4785.37,0.02
1592,-116.22,0.02
1593,-178.67,0.02
1594,-136.43,0.02
1595,-1413.08,0.02
1596,-104.15,0.02
1597,-187.89,0.02
1598,-207.2,0.02
1599,-131.17,0.02
1600,-2639.86,0.02
1601,-23715.82,0.02
1602,-104.99,0.02
1603,-101.12,0.02
1604,-4989.33,0.02
1605,-124.33,0.02
1606,-115.95,0.02
1607,-155.46,0.02
1608,-143.77,0.02
1609,-113.31,0.02
1610,-122.24,0.02
1611,-105.63,0.02
1612,-121.15,0.02
1613,-134.61,0.02
1614,-110.66,0.02
1615,-9264.83,0.02
1616,-7893.93,0.02
1617,-114.96,0.02
1618,-100.85,0.02
1619,-4823.66,0.02
1620,-2559.62,0.02
1621,-106.21,0.02
1622,-170.76,0.02
1623,-149.75,0.02
1624,-2404.61,0.02
1625,-132.48,0.02
1626,-733.32,0.02
1627,-203.81,0.02
1628,-2634.44,0.02
1629,-162.0,0.02
1630,-11386.39,0.02
1631,-2882.14,0.02
1632,-2573.15,0.02
1633,-3310.16,0.02
1634,-162.58,0.02
1635,-119.18,0.02
1636,-10690.72,0.02
1637,-168.66,0.02
1638,-146.2,0.02
1639,-311.86,0.02
1640,-219.68,0.02
1641,-5311.97,0.02
1642,-134.27,0.02
1643,-219.76,0.02
1644,-102.84,0.02
1645,-219.77,0.02
1646,-6266.06,0.02
1647,-1463.06,0.02
1648,-172.76,0.02
1649,-108.76,0.02
1650,-117.03,0.02
1651,-150.36,0.02
1652,-162.07,0.02
1653,-120.66,0.02
1654,-142.98,0.02
1655,-133.14,0.02
1656,-317.87,0.02
1657,-122.23,0.02
1658,-192.23,0.02
1659,-7080.01,0.02
1660,-253.85,0.02
1661,-125.74,0.02
1662,-124.45,0.02
1663,-2769.44,0.02
1664,-120.37,0.02
1665,-5010.6,0.02
1666,-114.07,0.02
1667,-164.58,0.02
1668,-1276.61,0.02
1669,-127.97,0.02
1670,-2572.27,0.02
1671,-8897.11,0.02
1672,-176.47,0.02
1673,-126.95,0.02
1674,-202.63,0.02
1675,-1963.78,0.02
1676,-124.33,0.02
1677,-12134.73,0.02
1678,-197.91,0.02
1679,-110.24,0.02
1680,-177.92,0.02
1681,-164.78,0.02
1682,-131.16,0.02
1683,-141.29,0.02
1684,-126.45,0.02
1685,-122.34,0.02
1686,-98.89,0.02
1687,-151.29,0.02
1688,-133.78,0.02
1689,-112.85,0.02
1690,-2631.49,0.02
1691,-7180.63,0.02
1692,-4760.38,0.02
1693,-165.47,0.02
1694,-155.57,0.02
1695,-134.56,0.02
1696,-8521.13,0.02
1697,-124.22,0.02
1698,-4669.31,0.02
1699,-7592.54,0.02
1700,-130.73,0.02
1701,-156.36,0.02
1702,-127.24,0.02
1703,-2559.12,0.02
1704,-1894.35,0.02
1705,-121.57,0.02
1706,-160.82,0.02
1707,-112.24,0.02
1708,-154.75,0.02
1709,-115.39,0.02
1710,-125.68,0.02
1711,-128.65,0.02
1712,-146.22,0.02
1713,-100.24,0.02
1714,-191.85,0.02
1715,-8402.82,0.02
1716,-23149.27,0.02
1717,-253.32,0.02
1718,-125.29,0.02
1719,-296.98,0.02
1720,-156.48,0.02
1721,-206.05,0.02
1722,-2601.38,0.02
1723,-2647.94,0.02
1724,-7948.61,0.02
1725,-138.17,0.02
1726,-109.66,0.02
1727,-2693.41,0.02
1728,-2598.75,0.02
1729,-2549.73,0.02
1730,-2572.93,0.02
1731,-215.27,0.02
1732,-2555.12,0.02
1733,-1542.68,0.02
1734,-201.73,0.02
1735,-298.29,0.02
1736,-97.37,0.02
1737,-186.79,0.02
1738,-141.5,0.02
1739,-148.74,0.02
1740,-226.99,0.02
1741,-8818.16,0.02
1742,-4877.93,0.02
1743,-118.87,0.02
1744,-149.09,0.02
1745,-2736.02,0.02
1746,-21275.76,0.02
1747,-293.64,0.02
1748,-10429.79,0.02
1749,-114.26,0.02
1750,-15471.37,0.02
1751,-99.52,0.02
1752,-2569.04,0.02
1753,-4584.69,0.02
1754,-9980.37,0.02
1755,-152.21,0.02
1756,-168.68,0.02
1757,-212.42,0.02
1758,-154.49,0.02
1759,-654.23,0.02
1760,-168.68,0.02
1761,-235.83,0.02
1762,-114.0,0.02
1763,-141.37,0.02
1764,-5036.06,0.02
1765,-158.78,0.02
1766,-103.87,0.02
1767,-2598.79,0.02
1768,-157.12,0.02
1769,-144.19,0.02
1770,-162.75,0.02
1771,-118.21,0.02
1772,-134.23,0.02
1773,-111.93,0.02
1774,-247.25,0.02
1775,-129.22,0.02
1776,-2576.79,0.02
1777,-159.03,0.02
1778,-128.63,0.02
1779,-2593.97,0.02
1780,-143.61,0.02
1781,-1225.1,0.02
1782,-181.06,0.02
1783,-211.6,0.02
1784,-2566.59,0.02
1785,-140.06,0.02
1786,-174.23,0.02
1787,-175.01,0.02
1788,-10150.24,0.02
1789,-6998.99,0.02
1790,-136.81,0.02
1791,-110.96,0.02
1792,-124.06,0.02
1793,-228.28,0.02
1794,-163.55,0.02
1795,-194.9,0.02
1796,-131.7,0.02
1797,-155.07,0.02
1798,-160.62,0.02
1799,-2378.72,0.02
1800,-210.82,0.02
1801,-160.67,0.02
1802,-191.39,0.02
1803,-174.02,0.02
1804,-109.5,0.02
1805,-101.52,0.02
1806,-136.34,0.02
1807,-149.73,0.02
1808,-151.1,0.02
1809,-7745.88,0.02
1810,-105.52,0.02
1811,-134.26,0.02
1812,-10157.2,0.02
1813,-156.71,0.02
1814,-14516.35,0.02
1815,-225.06,0.02
1816,-259.75,0.02
1817,-209.48,0.02
1818,-2076.05,0.02
1819,-133.4,0.02
1820,-133.02,0.02
1821,-12324.11,0.02
1822,-6665.38,0.02
1823,-119.47,0.02
1824,-9287.1,0.02
1825,-2553.09,0.02
1826,-171.6,0.02
1827,-8956.22,0.02
1828,-2535.01,0.02
1829,-163.37,0.02
1830,-2579.32,0.02
1831,-4135.78,0.02
1832,-10741.58,0.02
1833,-110.81,0.02
1834,-2615.13,0.02
1835,-5476.74,0.02
1836,-101.35,0.02
1837,-255.72,0.02
1838,-4852.13,0.02
1839,-119.94,0.02
1840,-272.11,0.02
1841,-132.35,0.02
1842,-142.85,0.02
1843,-154.83,0.02
1844,-123.96,0.02
1845,-4881.17,0.02
1846,-177.96,0.02
1847,-105.85,0.02
1848,-186.29,0.02
1849,-158.3,0.02
1850,-162.73,0.02
1851,-101.99,0.02
1852,-98.94,0.02
1853,-3182.13,0.02
1854,-107.91,0.02
1855,-353.15,0.02
1856,-161.47,0.02
1857,-4090.33,0.02
1858,-215.57,0.02
1859,-1930.72,0.02
1860,-13633.14,0.02
1861,-174.68,0.02
1862,-3003.62,0.02
1863,-2559.19,0.02
1864,-289.11,0.02
1865,-368.35,0.02
1866,-144.92,0.02
1867,-241.35,0.02
1868,-179.41,0.02
1869,-126.25,0.02
1870,-141.46,0.02
1871,-104.6,0.02
1872,-2659.0,0.02
1873,-157.73,0.02
1874,-104.88,0.02
1875,-152.34,0.02
1876,-1786.25,0.02
1877,-6419.23,0.02
1878,-354.23,0.02
1879,-307.12,0.02
1880,-8426.7,0.02
1881,-140.95,0.02
1882,-8058.54,0.02
1883,-894.07,0.02
1884,-327.55,0.02
1885,-3346.22,0.02
1886,-4752.35,0.02
1887,-2533.87,0.02
1888,-223.57,0.02
1889,-174.04,0.02
1890,-4730.19,0.02
1891,-224.95,0.02
1892,-98.61,0.02
1893,-171.15,0.02
1894,-109.32,0.02
1895,-142.99,0.02
1896,-104.89,0.02
1897,-3538.53,0.02
1898,-172.95,0.02
1899,-4848.53,0.02
1900,-167.83,0.02
1901,-121.4,0.02
1902,-107.29,0.02
1903,-1398.86,0.02
1904,-6941.89,0.02
1905,-123.46,0.02
1906,-2517.98,0.02
1907,-1757.86,0.02
1908,-120.88,0.02
1909,-127.09,0.02
1910,-142.67,0.02
1911,-182.8,0.02
1912,-129.78,0.02
1913,-7760.35,0.02
1914,-149.64,0.02
1915,-153.55,0.02
1916,-154.6,0.02
1917,-220.04,0.02
1918,-5998.78,0.02
1919,-133.6,0.02
1920,-2560.81,0.02
1921,-206.2,0.02
1922,-234.89,0.02
1923,-574.05,0.02
1924,-1035.28,0.02
1925,-196.84,0.02
1926,-12053.79,0.02
1927,-168.25,0.02
1928,-139.34,0.02
1929,-7127.14,0.02
1930,-11859.23,0.02
1931,-2536.96,0.02
1932,-220.57,0.02
1933,-989.77,0.02
1934,-534.89,0.02
1935,-191.85,0.02
1936,-4913.79,0.02
1937,-2560.56,0.02
1938,-2518.22,0.02
1939,-178.57,0.02
1940,-6616.43,0.02
1941,-2659.32,0.02
1942,-9143.32,0.02
1943,-213.24,0.02
1944,-112.85,0.02
1945,-19591.77,0.02
1946,-13597.91,0.02
1947,-260.04,0.02
1948,-4596.1,0.02
1949,-4414.06,0.02
1950,-161.36,0.02
1951,-11362.98,0.02
1952,-2550.32,0.02
1953,-4189.43,0.02
1954,-9515.86,0.02
1955,-202.57,0.02
1956,-2597.1,0.02
1957,-8133.18,0.02
1958,-352.31,0.02
1959,-8311.66,0.02
1960,-8568.27,0.02
1961,-2580.35,0.02
1962,-4426.31,0.02
1963,-4100.62,0.02
1964,-303.79,0.02
1965,-2469.83,0.02
1966,-286.55,0.02
1967,-141.8,0.02
1968,-209.78,0.02
1969,-163.91,0.02
1970,-5439.59,0.02
1971,-4129.6,0.02
1972,-137.14,0.02
1973,-108.0,0.02
1974,-4930.82,0.02
1975,-218.25,0.02
1976,-166.33,0.02
1977,-130.34,0.02
1978,-151.48,0.02
1979,-2614.03,0.02
1980,-3956.57,0.02
1981,-230.93,0.02
1982,-243.34,0.02
1983,-6713.95,0.02
1984,-2530.41,0.02
1985,-9074.02,0.02
1986,-162.79,0.02
1987,-170.16,0.02
1988,-147.2,0.02
1989,-226.8,0.02
1990,-11380.37,0.02
1991,-114.79,0.02
1992,-4886.71,0.02
1993,-347.4,0.02
1994,-5718.4,0.02
1995,-165.82,0.02
1996,-161.85,0.02
1997,-1278.58,0.02
1998,-105.72,0.02
1999,-105.88,0.02
2000,-157.14,0.02
2001,-148.69,0.02
2002,-180.89,0.02
2003,-176.3,0.02
2004,-133.52,0.02
2005,-133.96,0.02
2006,-201.17,0.02
2007,-1056.62,0.02
2008,-102.22,0.02
2009,-115.51,0.02
2010,-2593.01,0.02
2011,-4548.42,0.02
2012,-179.84,0.02
2013,-148.85,0.02
2014,-110.3,0.02
2015,-3178.24,0.02
2016,-247.85,0.02
2017,-120.76,0.02
2018,-116.6,0.02
2019,-127.37,0.02
2020,-4836.56,0.02
2021,-122.61,0.02
2022,-3231.44,0.02
2023,-106.59,0.02
2024,-3225.42,0.02
2025,-102.41,0.02
2026,-194.53,0.02
2027,-121.25,0.02
2028,-172.36,0.02
2029,-130.56,0.02
2030,-98.74,0.02
2031,-107.67,0.02
2032,-222.22,0.02
2033,-121.78,0.02
2034,-18377.99,0.02
2035,-2525.98,0.02
2036,-123.48,0.02
2037,-604.7,0.02
2038,-3877.54,0.02
2039,-190.51,0.02
2040,-5308.75,0.02
2041,-6731.03,0.02
2042,-210.7,0.02
2043,-245.22,0.02
2044,-171.35,0.02
2045,-125.48,0.02
2046,-151.65,0.02
2047,-2555.68,0.02
2048,-181.47,0.02
2049,-128.88,0.02
2050,-2599.39,0.02
2051,-261.23,0.02
2052,-1484.77,0.02
2053,-138.5,0.02
2054,-206.81,0.02
2055,-154.49,0.02
2056,-251.9,0.02
2057,-180.46,0.02
2058,-929.39,0.02
2059,-142.96,0.02
2060,-2577.45,0.02
2061,-1084.93,0.02
2062,-151.81,0.02
2063,-12665.43,0.02
2064,-101.4,0.02
2065,-296.82,0.02
2066,-2588.54,0.02
2067,-114.09,0.02
2068,-9992.6,0.02
2069,-124.68,0.02
2070,-2569.47,0.02
2071,-201.76,0.02
2072,-2568.59,0.02
2073,-4650.68,0.02
2074,-6613.2,0.02
2075,-2389.08,0.02
2076,-142.58,0.02
2077,-159.77,0.02
2078,-148.73,0.02
2079,-147.04,0.02
2080,-7731.09,0.02
2081,-179.38,0.02
2082,-13306.19,0.02
2083,-188.59,0.02
2084,-4745.18,0.02
2085,-371.26,0.02
2086,-6747.18,0.02
2087,-202.86,0.02
2088,-102.49,0.02
2089,-114.38,0.02
2090,-177.01,0.02
2091,-152.33,0.02
2092,-16057.61,0.02
2093,-134.4,0.02
2094,-2486.44,0.02
2095,-2559.12,0.02
2096,-301.17,0.02
2097,-204.99,0.02
2098,-7683.62,0.02
2099,-2539.04,0.02
2100,-2541.94,0.02
2101,-224.21,0.02
2102,-206.2,0.02
2103,-3467.59,0.02
2104,-5616.16,0.02
2105,-195.15,0.02
2106,-2722.66,0.02
2107,-2590.98,0.02
2108,-121.39,0.02
2109,-150.95,0.02
2110,-4518.1,0.02
2111,-175.42,0.02
2112,-162.39,0.02
2113,-2592.62,0.02
2114,-276.62,0.02
2115,-3960.01,0.02
2116,-105.8,0.02
2117,-254.88,0.02
2118,-191.02,0.02
2119,-5545.95,0.02
2120,-3700.03,0.02
2121,-218.77,0.02
2122,-157.5,0.02
2123,-327.73,0.02
2124,-398.94,0.02
2125,-231.86,0.02
2126,-154.89,0.02
2127,-12524.39,0.02
2128,-6441.07,0.02
2129,-197.52,0.02
2130,-806.91,0.02
2131,-3896.91,0.02
2132,-5789.68,0.02
2133,-270.2,0.02
2134,-902.98,0.02
2135,-165.46,0.02
2136,-126.86,0.02
2137,-2607.51,0.02
2138,-10409.72,0.02
2139,-279.23,0.02
2140,-3222.46,0.02
2141,-188.22,0.02
2142,-141.2,0.02
2143,-14761.04,0.02
2144,-119.53,0.02
2145,-483.5,0.02
2146,-1313.19,0.02
2147,-121.31,0.02
2148,-273.64,0.02
2149,-1889.92,0.02
2150,-154.71,0.02
2151,-203.66,0.02
2152,-178.83,0.02
2153,-2583.54,0.02
2154,-4803.56,0.02
2155,-199.51,0.02
2156,-226.54,0.02
2157,-287.18,0.02
2158,-158.47,0.02
2159,-13193.2,0.02
2160,-160.5,0.02
2161,-6906.52,0.02
2162,-4716.33,0.02
2163,-6731.32,0.02
2164,-135.74,0.02
2165,-229.98,0.02
2166,-8558.04,0.02
2167,-9809.64,0.02
2168,-3134.03,0.02
2169,-647.91,0.02
2170,-178.13,0.02
2171,-2693.06,0.02
2172,-8845.17,0.02
2173,-157.78,0.02
2174,-7129.94,0.02
2175,-14278.45,0.02
2176,-10218.92,0.02
2177,-232.23,0.02
2178,-5970.54,0.02
2179,-181.15,0.02
2180,-7320.74,0.02
2181,-193.84,0.02
2182,-13183.56,0.02
2183,-301.22,0.02
2184,-295.24,0.02
2185,-6375.63,0.02
2186,-163.16,0.02
2187,-244.46,0.02
2188,-131.92,0.02
2189,-197.27,0.02
2190,-7641.2,0.02
2191,-184.46,0.02
2192,-8496.45,0.02
2193,-4550.44,0.02
2194,-147.78,0.02
2195,-129.7,0.02
2196,-147.18,0.02
2197,-391.09,0.02
2198,-9545.99,0.02
2199,-212.03,0.02
2200,-191.24,0.02
2201,-4336.83,0.02
2202,-8715.39,0.02
2203,-261.42,0.02
2204,-232.95,0.02
2205,-258.08,0.02
2206,-272.22,0.02
2207,-1650.94,0.02
2208,-1636.3,0.02
2209,-173.81,0.02
2210,-158.06,0.02
2211,-22545.8,0.02
2212,-239.67,0.02
2213,-2567.02,0.02
2214,-3830.71,0.02
2215,-903.25,0.02
2216,-7187.32,0.02
2217,-244.59,0.02
2218,-10674.56,0.02
2219,-173.84,0.02
2220,-162.87,0.02
2221,-2606.78,0.02
2222,-7162.05,0.02
2223,-6166.91,0.02
2224,-5502.75,0.02
2225,-3330.41,0.02
2226,-171.83,0.02
2227,-177.31,0.02
2228,-473.97,0.02
2229,-9798.15,0.02
2230,-184.48,0.02
2231,-349.32,0.02
2232,-210.28,0.02
2233,-4983.25,0.02
2234,-2537.14,0.02
2235,-358.88,0.02
2236,-180.67,0.02
2237,-7034.1,0.02
2238,-177.68,0.02
2239,-279.75,0.02
2240,-2596.18,0.02
2241,-3070.46,0.02
2242,-102.52,0.02
2243,-796.45,0.02
2244,-8781.35,0.02
2245,-234.2,0.02
2246,-168.72,0.02
2247,-3544.48,0.02
2248,-2542.26,0.02
2249,-361.04,0.02
2250,-12246.87,0.02
2251,-276.25,0.02
2252,-360.75,0.02
2253,-9521.92,0.02
2254,-183.71,0.02
2255,-365.09,0.02
2256,-3817.14,0.02
2257,-16333.91,0.02
2258,-230.33,0.02
2259,-20039.53,0.02
2260,-280.45,0.02
2261,-252.34,0.02
2262,-107.57,0.02
2263,-8384.74,0.02
2264,-158.96,0.02
2265,-13412.07,0.02
2266,-169.14,0.02
2267,-7128.29,0.02
2268,-3930.51,0.02
2269,-1352.61,0.02
2270,-165.27,0.02
2271,-10366.88,0.02
2272,-106.12,0.02
2273,-2607.16,0.02
2274,-268.24,0.02
2275,-6142.86,0.02
2276,-198.68,0.02
2277,-1400.69,0.02
2278,-6947.54,0.02
2279,-174.71,0.02
2280,-209.57,0.02
2281,-4810.07,0.02
2282,-155.73,0.02
2283,-275.38,0.02
2284,-8532.54,0.02
2285,-401.25,0.02
2286,-203.76,0.02
2287,-300.09,0.02
2288,-4724.06,0.02
2289,-859.64,0.02
2290,-3991.01,0.02
2291,-5144.23,0.02
2292,-284.23,0.02
2293,-295.12,0.02
2294,-129.81,0.02
2295,-193.94,0.02
2296,-209.35,0.02
2297,-2693.33,0.02
2298,-2570.73,0.02
2299,-3204.5,0.02
2300,-15180.86,0.02
2301,-3186.48,0.02
2302,-148.61,0.02
2303,-174.8,0.02
2304,-181.59,0.02
2305,-143.81,0.02
2306,-4931.15,0.02
2307,-10042.9,0.02
2308,-10999.51,0.02
2309,-269.23,0.02
2310,-148.61,0.02
2311,-2638.71,0.02
2312,-152.02,0.02
2313,-7071.83,0.02
2314,-2572.42,0.02
2315,-254.36,0.02
2316,-158.91,0.02
2317,-3843.62,0.02
2318,-4091.52,0.02
2319,-182.79,0.02
2320,-98.02,0.02
2321,-2617.02,0.02
2322,-1264.18,0.02
2323,-5234.66,0.02
2324,-134.62,0.02
2325,-121.62,0.02
2326,-142.27,0.02
2327,-186.02,0.02
2328,-117.65,0.02
2329,-483.72,0.02
2330,-136.83,0.02
2331,-4821.2,0.02
2332,-4713.97,0.02
2333,-146.52,0.02
2334,-129.39,0.02
2335,-117.12,0.02
2336,-152.56,0.02
2337,-187.03,0.02
2338,-2616.37,0.02
2339,-13107.02,0.02
2340,-144.73,0.02
2341,-140.35,0.02
2342,-167.67,0.02
2343,-370.68,0.02
2344,-118.85,0.02
2345,-1482.34,0.02
2346,-4743.78,0.02
2347,-160.87,0.02
2348,-185.94,0.02
2349,-133.62,0.02
2350,-102.83,0.02
2351,-105.64,0.02
2352,-161.72,0.02
2353,-219.13,0.02
2354,-129.47,0.02
2355,-5808.83,0.02
2356,-181.5,0.02
2357,-136.99,0.02
2358,-147.13,0.02
2359,-108.09,0.02
2360,-101.37,0.02
2361,-219.52,0.02
2362,-143.75,0.02
2363,-98.8,0.02
2364,-6679.71,0.02
2365,-99.83,0.02
2366,-124.13,0.02
2367,-105.05,0.02
2368,-184.64,0.02
2369,-581.95,0.02
2370,-10060.74,0.02
2371,-111.98,0.02
2372,-115.71,0.02
2373,-142.14,0.02
2374,-115.77,0.02
2375,-128.84,0.02
2376,-138.13,0.02
2377,-123.12,0.02
2378,-114.05,0.02
2379,-169.51,0.02
2380,-11004.28,0.02
2381,-102.3,0.02
2382,-4661.21,0.02
2383,-115.78,0.02
2384,-120.2,0.02
2385,-111.17,0.02
2386,-2668.23,0.02
2387,-100.51,0.02
2388,-142.5,0.02
2389,-160.81,0.02
2390,-4066.37,0.02
2391,-126.69,0.02
2392,-143.4,0.02
2393,-136.33,0.02
2394,-7134.01,0.02
2395,-5262.65,0.02
2396,-110.73,0.02
2397,-4787.96,0.02
2398,-2557.77,0.02
2399,-131.24,0.02
2400,-99.87,0.02
2401,-221.46,0.02
2402,-6368.12,0.02
2403,-119.35,0.02
2404,-140.91,0.02
2405,-107.04,0.02
2406,-12156.83,0.02
2407,-111.77,0.02
2408,-153.61,0.02
2409,-2541.72,0.02
2410,-129.4,0.02
2411,-130.68,0.02
2412,-120.31,0.02
2413,-135.07,0.02
2414,-5219.8,0.02
2415,-118.57,0.02
2416,-114.44,0.02
2417,-115.15,0.02
2418,-144.8,0.02
2419,-147.28,0.02
2420,-143.9,0.02
2421,-127.7,0.02
2422,-163.79,0.02
2423,-174.04,0.02
2424,-2575.94,0.02
2425,-2579.37,0.02
2426,-152.86,0.02
2427,-5125.91,0.02
2428,-6961.33,0.02
2429,-117.03,0.02
2430,-216.88,0.02
2431,-120.85,0.02
2432,-6220.57,0.02
2433,-1783.56,0.02
2434,-171.22,0.02
2435,-7642.02,0.02
2436,-126.24,0.02
2437,-113.38,0.02
2438,-141.93,0.02
2439,-125.83,0.02
2440,-179.42,0.02
2441,-12845.49,0.02
2442,-120.58,0.02
2443,-176.84,0.02
2444,-152.74,0.02
2445,-2591.55,0.02
2446,-13988.77,0.02
2447,-170.6,0.02
2448,-7764.02,0.02
2449,-192.25,0.02
2450,-1120.41,0.02
2451,-112.38,0.02
2452,-5391.77,0.02
2453,-5808.97,0.02
2454,-2549.8,0.02
2455,-6408.17,0.02
2456,-222.41,0.02
2457,-2560.28,0.02
2458,-151.04,0.02
2459,-2586.92,0.02
2460,-665.14,0.02
2461,-178.76,0.02
2462,-294.52,0.02
2463,-726.63,0.02
2464,-18438.9,0.02
2465,-125.09,0.02
2466,-195.57,0.02
2467,-9503.38,0.02
2468,-5745.29,0.02
2469,-11734.63,0.02
2470,-101.46,0.02
2471,-15349.09,0.02
2472,-6762.72,0.02
2473,-188.99,0.02
2474,-6083.62,0.02
2475,-212.02,0.02
2476,-127.13,0.02
2477,-273.77,0.02
2478,-7498.12,0.02
2479,-192.06,0.02
2480,-2548.29,0.02
2481,-264.77,0.02
2482,-8179.04,0.02
2483,-3867.76,0.02
2484,-408.16,0.02
2485,-132.86,0.02
2486,-2853.41,0.02
2487,-13630.75,0.02
2488,-201.26,0.02
2489,-1976.0,0.02
2490,-256.04,0.02
2491,-339.28,0.02
2492,-4779.66,0.02
2493,-418.56,0.02
2494,-1787.63,0.02
2495,-97.08,0.02
2496,-4006.91,0.02
2497,-2569.7,0.02
2498,-6756.43,0.02
2499,-147.87,0.02
2500,-20605.76,0.02
2501,-123.66,0.02
2502,-158.43,0.02
2503,-105.65,0.02
2504,-163.06,0.02
2505,-2230.83,0.02
2506,-23276.71,0.02
2507,-217.34,0.02
2508,-4362.73,0.02
2509,-3398.52,0.02
2510,-224.93,0.02
2511,-2535.46,0.02
2512,-329.94,0.02
2513,-124.09,0.02
2514,-3586.24,0.02
2515,-16047.9,0.02
2516,-152.48,0.02
2517,-224.36,0.02
2518,-227.61,0.02
2519,-248.6,0.02
2520,-139.56,0.02
2521,-2843.81,0.02
2522,-237.14,0.02
2523,-13244.37,0.02
2524,-3191.43,0.02
2525,-229.63,0.02
2526,-114.1,0.02
2527,-129.69,0.02
2528,-181.57,0.02
2529,-3464.91,0.02
2530,-16933.35,0.02
2531,-184.51,0.02
2532,-315.65,0.02
2533,-2560.62,0.02
2534,-124.3,0.02
2535,-138.97,0.02
2536,-265.28,0.02
2537,-176.22,0.02
2538,-124.24,0.02
2539,-194.61,0.02
2540,-107.73,0.02
2541,-103.6,0.02
2542,-181.31,0.02
2543,-215.07,0.02
2544,-119.05,0.02
2545,-120.69,0.02
2546,-14352.04,0.02
2547,-123.03,0.02
2548,-203.69,0.02
2549,-7037.1,0.02
2550,-138.16,0.02
2551,-187.93,0.02
2552,-104.94,0.02
2553,-18397.53,0.02
2554,-2528.96,0.02
2555,-4766.62,0.02
2556,-8035.03,0.02
2557,-252.94,0.02
2558,-106.77,0.02
2559,-15108.84,0.02
2560,-279.75,0.02
2561,-126.68,0.02
2562,-257.33,0.02
2563,-184.19,0.02
2564,-2591.49,0.02
2565,-207.17,0.02
2566,-14976.95,0.02
2567,-9114.83,0.02
2568,-116.7,0.02
2569,-1618.1,0.02
2570,-12560.57,0.02
2571,-7663.25,0.02
2572,-137.31,0.02
2573,-112.15,0.02
2574,-4528.71,0.02
2575,-249.88,0.02
2576,-6558.47,0.02
2577,-2228.22,0.02
2578,-98.07,0.02
2579,-153.02,0.02
2580,-227.61,0.02
2581,-967.21,0.02
2582,-137.65,0.02
2583,-112.72,0.02
2584,-2524.18,0.02
2585,-15056.84,0.02
2586,-2597.82,0.02
2587,-114.3,0.02
2588,-153.81,0.02
2589,-13041.5,0.02
2590,-278.7,0.02
2591,-250.83,0.02
2592,-129.48,0.02
2593,-444.08,0.02
2594,-1339.8,0.02
2595,-109.6,0.02
2596,-154.92,0.02
2597,-186.74,0.02
2598,-124.25,0.02
2599,-173.67,0.02
2600,-123.56,0.02
2601,-191.58,0.02
2602,-135.41,0.02
2603,-107.62,0.02
2604,-142.75,0.02
2605,-14778.38,0.02
2606,-226.31,0.02
2607,-15931.1,0.02
2608,-154.01,0.02
2609,-343.0,0.02
2610,-196.91,0.02
2611,-216.68,0.02
2612,-18979.05,0.02
2613,-8538.88,0.02
2614,-215.29,0.02
2615,-233.49,0.02
2616,-146.14,0.02
2617,-276.7,0.02
2618,-179.09,0.02
2619,-432.96,0.02
2620,-167.06,0.02
2621,-8294.66,0.02
2622,-136.68,0.02
2623,-305.6,0.02
2624,-169.14,0.02
2625,-148.1,0.02
2626,-283.72,0.02
2627,-125.77,0.02
2628,-986.75,0.02
2629,-179.39,0.02
2630,-5046.39,0.02
2631,-1205.87,0.02
2632,-2526.12,0.02
2633,-172.91,0.02
2634,-113.24,0.02
2635,-4888.2,0.02
2636,-2547.6,0.02
2637,-186.04,0.02
2638,-104.7,0.02
2639,-127.43,0.02
2640,-2013.76,0.02
2641,-103.85,0.02
2642,-10511.8,0.02
2643,-267.19,0.02
2644,-1280.44,0.02
2645,-196.46,0.02
2646,-2098.88,0.02
2647,-187.44,0.02
2648,-194.46,0.02
2649,-282.88,0.02
2650,-170.9,0.02
2651,-2650.2,0.02
2652,-175.3,0.02
2653,-133.2,0.02
2654,-177.94,0.02
2655,-125.34,0.02
2656,-119.21,0.02
2657,-249.07,0.02
2658,-158.59,0.02
2659,-5183.67,0.02
2660,-214.35,0.02
2661,-1976.89,0.02
2662,-8882.21,0.02
2663,-119.6,0.02
2664,-8350.65,0.02
2665,-217.53,0.02
2666,-6083.34,0.02
2667,-172.29,0.02
2668,-252.56,0.02
2669,-165.8,0.02
2670,-5916.21,0.02
2671,-146.44,0.02
2672,-132.42,0.02
2673,-284.37,0.02
2674,-7296.5,0.02
2675,-256.82,0.02
2676,-2805.08,0.02
2677,-3579.29,0.02
2678,-4768.75,0.02
2679,-124.86,0.02
2680,-129.52,0.02
2681,-139.29,0.02
2682,-114.41,0.02
2683,-173.05,0.02
2684,-107.28,0.02
2685,-105.35,0.02
2686,-105.99,0.02
2687,-102.45,0.02
2688,-182.43,0.02
2689,-118.22,0.02
2690,-352.4,0.02
2691,-11672.45,0.02
2692,-138.83,0.02
2693,-107.4,0.02
2694,-2268.82,0.02
2695,-123.04,0.02
2696,-213.83,0.02
2697,-9219.27,0.02
2698,-2593.06,0.02
2699,-159.96,0.02
2700,-163.28,0.02
2701,-199.03,0.02
2702,-110.51,0.02
2703,-138.38,0.02
2704,-105.24,0.02
2705,-103.97,0.02
2706,-102.95,0.02
2707,-150.2,0.02
2708,-128.08,0.02
2709,-207.7,0.02
2710,-4358.46,0.02
2711,-147.53,0.02
2712,-140.05,0.02
2713,-150.55,0.02
2714,-115.55,0.02
2715,-170.81,0.02
2716,-119.17,0.02
2717,-113.11,0.02
2718,-151.52,0.02
2719,-204.69,0.02
2720,-4204.25,0.02
2721,-126.72,0.02
2722,-191.73,0.02
2723,-2730.29,0.02
2724,-179.78,0.02
2725,-125.12,0.02
2726,-160.71,0.02
2727,-151.85,0.02
2728,-115.83,0.02
2729,-108.7,0.02
2730,-2565.33,0.02
2731,-156.97,0.02
2732,-131.79,0.02
2733,-160.51,0.02
2734,-153.27,0.02
2735,-116.59,0.02
2736,-147.36,0.02
2737,-151.88,0.02
2738,-107.61,0.02
2739,-120.41,0.02
2740,-151.63,0.02
2741,-102.41,0.02
2742,-5688.68,0.02
2743,-108.76,0.02
2744,-104.27,0.02
2745,-106.67,0.02
2746,-143.35,0.02
2747,-113.31,0.02
2748,-169.66,0.02
2749,-10772.82,0.02
2750,-102.93,0.02
2751,-149.08,0.02
2752,-128.92,0.02
2753,-1379.5,0.02
2754,-2428.76,0.02
2755,-4767.39,0.02
2756,-131.99,0.02
2757,-248.18,0.02
2758,-130.34,0.02
2759,-1459.31,0.02
2760,-197.93,0.02
2761,-161.88,0.02
2762,-2130.31,0.02
2763,-6319.21,0.02
2764,-218.2,0.02
2765,-142.43,0.02
2766,-299.1,0.02
2767,-121.66,0.02
2768,-161.08,0.02
2769,-141.02,0.02
2770,-5193.98,0.02
2771,-2555.41,0.02
2772,-138.4,0.02
2773,-232.61,0.02
2774,-4849.82,0.02
2775,-5901.85,0.02
2776,-153.39,0.02
2777,-182.08,0.02
2778,-141.6,0.02
2779,-246.9,0.02
2780,-9186.49,0.02
2781,-289.02,0.02
2782,-3532.2,0.02
2783,-147.44,0.02
2784,-179.38,0.02
2785,-555.4,0.02
2786,-2031.61,0.02
2787,-187.47,0.02
2788,-1931.66,0.02
2789,-130.31,0.02
2790,-3095.02,0.02
2791,-288.22,0.02
2792,-254.24,0.02
2793,-4625.47,0.02
2794,-284.65,0.02
2795,-882.47,0.02
2796,-6596.36,0.02
2797,-3769.65,0.02
2798,-353.29,0.02
2799,-141.9,0.02
2800,-4157.51,0.02
2801,-221.99,0.02
2802,-158.27,0.02
2803,-622.09,0.02
2804,-155.85,0.02
2805,-165.12,0.02
2806,-110.27,0.02
2807,-5991.77,0.02
2808,-178.71,0.02
2809,-119.9,0.02
2810,-2608.03,0.02
2811,-126.8,0.02
2812,-168.35,0.02
2813,-146.73,0.02
2814,-2579.63,0.02
2815,-7056.87,0.02
2816,-2767.22,0.02
2817,-2593.82,0.02
2818,-272.17,0.02
2819,-5417.44,0.02
2820,-2548.98,0.02
2821,-112.12,0.02
2822,-2565.26,0.02
2823,-7008.89,0.02
2824,-4437.08,0.02
2825,-214.44,0.02
2826,-204.16,0.02
2827,-9003.15,0.02
2828,-141.48,0.02
2829,-252.17,0.02
2830,-2591.95,0.02
2831,-5224.66,0.02
2832,-2560.78,0.02
2833,-2554.21,0.02
2834,-1754.18,0.02
2835,-6306.54,0.02
2836,-176.97,0.02
2837,-141.52,0.02
2838,-4886.64,0.02
2839,-3909.2,0.02
2840,-6147.71,0.02
2841,-184.82,0.02
2842,-25281.54,0.02
2843,-256.55,0.02
2844,-104.82,0.02
2845,-1276.36,0.02
2846,-134.64,0.02
2847,-2602.11,0.02
2848,-2644.03,0.02
2849,-157.01,0.02
2850,-2375.26,0.02
2851,-2593.11,0.02
2852,-102.37,0.02
2853,-7438.12,0.02
2854,-200.32,0.02
2855,-150.0,0.02
2856,-5201.12,0.02
2857,-160.68,0.02
2858,-114.03,0.02
2859,-371.45,0.02
2860,-153.97,0.02
2861,-139.19,0.02
2862,-9172.67,0.02
2863,-139.48,0.02
2864,-176.95,0.02
2865,-149.99,0.02
2866,-3192.83,0.02
2867,-2583.44,0.02
2868,-152.48,0.02
2869,-2528.43,0.02
2870,-9591.59,0.02
2871,-8002.61,0.02
2872,-98.09,0.02
2873,-179.5,0.02
2874,-176.8,0.02
2875,-117.71,0.02
2876,-258.43,0.02
2877,-207.73,0.02
2878,-116.04,0.02
2879,-3793.77,0.02
2880,-1048.37,0.02
2881,-5788.45,0.02
2882,-158.55,0.02
2883,-158.86,0.02
2884,-1533.72,0.02
2885,-206.56,0.02
2886,-2628.32,0.02
2887,-7521.08,0.02
2888,-100.97,0.02
2889,-142.76,0.02
2890,-140.03,0.02
2891,-128.05,0.02
2892,-2604.17,0.02
2893,-180.83,0.02
2894,-304.0,0.02
2895,-318.79,0.02
2896,-2741.03,0.02
2897,-108.99,0.02
2898,-129.11,0.02
2899,-6628.24,0.02
2900,-4258.96,0.02
2901,-5245.43,0.02
2902,-128.01,0.02
2903,-101.98,0.02
2904,-17552.24,0.02
2905,-265.07,0.02
2906,-2899.97,0.02
2907,-138.94,0.02
2908,-2668.27,0.02
2909,-168.59,0.02
2910,-307.14,0.02
2911,-167.63,0.02
2912,-207.43,0.02
2913,-136.56,0.02
2914,-165.28,0.02
2915,-4472.2,0.02
2916,-138.19,0.02
2917,-1390.48,0.02
2918,-130.44,0.02
2919,-112.42,0.02
2920,-215.17,0.02
2921,-123.41,0.02
2922,-134.44,0.02
2923,-10946.29,0.02
2924,-4753.0,0.02
2925,-10846.82,0.02
2926,-10946.17,0.02
2927,-3672.93,0.02
2928,-14490.96,0.02
2929,-168.05,0.02
2930,-126.89,0.02
2931,-109.65,0.02
2932,-248.72,0.02
2933,-227.03,0.02
2934,-113.78,0.02
2935,-2669.3,0.02
2936,-137.99,0.02
2937,-9976.34,0.02
2938,-152.53,0.02
2939,-296.1,0.02
2940,-154.17,0.02
2941,-4913.06,0.02
2942,-4790.98,0.02
2943,-206.79,0.02
2944,-146.74,0.02
2945,-218.36,0.02
2946,-2886.43,0.02
2947,-1338.07,0.02
2948,-127.05,0.02
2949,-26501.87,0.02
2950,-2558.72,0.02
2951,-1162.44,0.02
2952,-105.75,0.02
2953,-5792.2,0.02
2954,-144.54,0.02
2955,-100.17,0.02
2956,-2631.5,0.02
2957,-213.14,0.02
2958,-2005.27,0.02
2959,-99.36,0.02
2960,-260.14,0.02
2961,-11431.0,0.02
2962,-261.25,0.02
2963,-146.99,0.02
2964,-158.93,0.02
2965,-252.23,0.02
2966,-106.74,0.02
2967,-176.83,0.02
2968,-112.91,0.02
2969,-163.54,0.02
2970,-151.8,0.02
2971,-237.97,0.02
2972,-6932.21,0.02
2973,-139.52,0.02
2974,-11811.6,0.02
2975,-204.6,0.02
2976,-147.19,0.02
2977,-3052.02,0.02
2978,-147.35,0.02
2979,-1199.46,0.02
2980,-4776.48,0.02
2981,-127.23,0.02
2982,-7742.96,0.02
2983,-236.8,0.02
2984,-400.25,0.02
2985,-2071.04,0.02
2986,-166.96,0.02
2987,-172.84,0.02
2988,-149.35,0.02
2989,-165.22,0.02
2990,-2599.17,0.02
2991,-1165.38,0.02
2992,-1069.0,0.02
2993,-144.07,0.02
2994,-266.12,0.02
2995,-103.14,0.02
2996,-169.4,0.02
2997,-221.52,0.02
2998,-166.69,0.02
2999,-161.01,0.02
3000,-139.64,0.02
3001,-4703.9,0.02
3002,-4562.92,0.02
3003,-20683.41,0.02
3004,-228.25,0.02
3005,-161.29,0.02
3006,-2939.35,0.02
3007,-2548.07,0.02
3008,-4036.44,0.02
3009,-6279.9,0.02
3010,-175.97,0.02
3011,-315.57,0.02
3012,-111.87,0.02
3013,-175.82,0.02
3014,-6899.01,0.02
3015,-148.67,0.02
3016,-3029.67,0.02
3017,-257.94,0.02
3018,-155.08,0.02
3019,-111.59,0.02
3020,-103.2,0.02
3021,-6850.09,0.02
3022,-140.58,0.02
3023,-170.75,0.02
3024,-224.41,0.02
3025,-3805.75,0.02
3026,-1823.51,0.02
3027,-115.13,0.02
3028,-1694.53,0.02
3029,-217.79,0.02
3030,-103.08,0.02
3031,-360.63,0.02
3032,-12130.26,0.02
3033,-97.28,0.02
3034,-271.93,0.02
3035,-6137.09,0.02
3036,-4566.45,0.02
3037,-2379.23,0.02
3038,-6864.96,0.02
3039,-8296.67,0.02
3040,-1015.45,0.02
3041,-167.42,0.02
3042,-335.38,0.02
3043,-12870.71,0.02
3044,-18381.25,0.02
3045,-163.75,0.02
3046,-1328.34,0.02
3047,-9243.66,0.02
3048,-4721.95,0.02
3049,-2541.08,0.02
3050,-139.9,0.02
3051,-1503.89,0.02
3052,-7124.23,0.02
3053,-340.14,0.02
3054,-96.18,0.02
3055,-2751.12,0.02
3056,-137.59,0.02
3057,-136.45,0.02
3058,-109.28,0.02
3059,-98.99,0.02
3060,-135.13,0.02
3061,-159.17,0.02
3062,-156.48,0.02
3063,-199.6,0.02
3064,-138.06,0.02
3065,-164.76,0.02
3066,-130.46,0.02
3067,-101.07,0.02
3068,-4718.37,0.02
3069,-107.86,0.02
3070,-11023.63,0.02
3071,-154.83,0.02
3072,-155.15,0.02
3073,-3673.09,0.02
3074,-3501.49,0.02
3075,-11267.47,0.02
3076,-136.76,0.02
3077,-111.77,0.02
3078,-140.49,0.02
3079,-122.71,0.02
3080,-1383.05,0.02
3081,-2571.8,0.02
3082,-161.31,0.02
3083,-137.49,0.02
3084,-145.61,0.02
3085,-168.91,0.02
3086,-2197.66,0.02
3087,-684.75,0.02
3088,-2639.89,0.02
3089,-146.59,0.02
3090,-9296.45,0.02
3091,-4287.38,0.02
3092,-1500.11,0.02
3093,-112.55,0.02
3094,-224.09,0.02
3095,-283.94,0.02
3096,-144.37,0.02
3097,-197.32,0.02
3098,-267.71,0.02
3099,-2718.97,0.02
3100,-240.94,0.02
3101,-7279.79,0.02
3102,-241.73,0.02
3103,-181.64,0.02
3104,-234.95,0.02
3105,-11025.1,0.02
3106,-9465.31,0.02
3107,-242.12,0.02
3108,-2600.02,0.02
3109,-239.23,0.02
3110,-4899.7,0.02
3111,-3294.39,0.02
3112,-5128.29,0.02
3113,-106.11,0.02
3114,-3799.38,0.02
3115,-6781.88,0.02
3116,-288.28,0.02
3117,-8896.78,0.02
3118,-12679.5,0.02
3119,-276.48,0.02
3120,-201.51,0.02
3121,-2561.99,0.02
3122,-177.29,0.02
3123,-4600.86,0.02
3124,-240.23,0.02
3125,-263.71,0.02
3126,-142.96,0.02
3127,-18011.47,0.02
3128,-111.9,0.02
3129,-1097.07,0.02
3130,-5023.4,0.02
3131,-297.23,0.02
3132,-97.35,0.02
3133,-2458.65,0.02
3134,-692.57,0.02
3135,-106.57,0.02
3136,-418.77,0.02
3137,-186.0,0.02
3138,-109.17,0.02
3139,-140.76,0.02
3140,-113.0,0.02
3141,-142.79,0.02
3142,-117.05,0.02
3143,-1712.29,0.02
3144,-4703.41,0.02
3145,-136.08,0.02
3146,-7107.68,0.02
3147,-116.76,0.02
3148,-130.97,0.02
3149,-160.15,0.02
3150,-2541.72,0.02
3151,-10093.43,0.02
3152,-133.34,0.02
3153,-143.95,0.02
3154,-129.16,0.02
3155,-165.81,0.02
3156,-10972.34,0.02
3157,-131.06,0.02
3158,-151.76,0.02
3159,-7267.94,0.02
3160,-192.96,0.02
3161,-123.25,0.02
3162,-183.35,0.02
3163,-8160.96,0.02
3164,-180.84,0.02
3165,-144.36,0.02
3166,-128.45,0.02
3167,-126.93,0.02
3168,-150.34,0.02
3169,-127.87,0.02
3170,-4844.72,0.02
3171,-2563.69,0.02
3172,-125.24,0.02
3173,-123.92,0.02
3174,-114.39,0.02
3175,-108.11,0.02
3176,-179.98,0.02
3177,-6880.82,0.02
3178,-3267.16,0.02
3179,-18301.55,0.02
3180,-294.96,0.02
3181,-291.51,0.02
3182,-291.78,0.02
3183,-2592.33,0.02
3184,-4893.63,0.02
3185,-20385.87,0.02
3186,-2571.41,0.02
3187,-162.09,0.02
3188,-141.68,0.02
3189,-7095.09,0.02
3190,-256.52,0.02
3191,-147.77,0.02
3192,-256.84,0.02
3193,-159.29,0.02
3194,-149.72,0.02
3195,-17543.96,0.02
3196,-277.77,0.02
3197,-2571.89,0.02
3198,-146.37,0.02
3199,-284.92,0.02
3200,-4298.15,0.02
3201,-151.93,0.02
3202,-155.08,0.02
3203,-250.19,0.02
3204,-1888.57,0.02
3205,-5088.97,0.02
3206,-253.21,0.02
3207,-2581.25,0.02
3208,-146.33,0.02
3209,-2585.23,0.02
3210,-5939.23,0.02
3211,-127.13,0.02
3212,-282.45,0.02
3213,-163.92,0.02
3214,-102.4,0.02
3215,-2598.12,0.02
3216,-12246.73,0.02
3217,-963.67,0.02
3218,-517.64,0.02
3219,-1279.36,0.02
3220,-1290.32,0.02
3221,-4280.15,0.02
3222,-216.54,0.02
3223,-131.1,0.02
3224,-2571.68,0.02
3225,-206.49,0.02
3226,-150.03,0.02
3227,-2410.63,0.02
3228,-180.2,0.02
3229,-292.99,0.02
3230,-166.79,0.02
3231,-268.23,0.02
3232,-203.35,0.02
3233,-119.13,0.02
3234,-2143.61,0.02
3235,-1051.31,0.02
3236,-393.31,0.02
3237,-3289.52,0.02
3238,-138.83,0.02
3239,-3139.08,0.02
3240,-273.84,0.02
3241,-173.26,0.02
3242,-315.44,0.02
3243,-238.51,0.02
3244,-162.84,0.02
3245,-165.44,0.02
3246,-211.47,0.02
3247,-2965.91,0.02
3248,-206.03,0.02
3249,-4764.92,0.02
3250,-101.4,0.02
3251,-3414.05,0.02
3252,-171.49,0.02
3253,-101.54,0.02
3254,-101.1,0.02
3255,-4129.91,0.02
3256,-1990.51,0.02
3257,-172.3,0.02
3258,-6846.07,0.02
3259,-124.28,0.02
3260,-131.58,0.02
3261,-180.96,0.02
3262,-2623.23,0.02
3263,-2648.33,0.02
3264,-101.5,0.02
3265,-227.92,0.02
3266,-790.57,0.02
3267,-6351.98,0.02
3268,-150.29,0.02
3269,-13237.4,0.02
3270,-2531.17,0.02
3271,-144.69,0.02
3272,-101.01,0.02
3273,-141.77,0.02
3274,-3918.06,0.02
3275,-193.73,0.02
3276,-2594.64,0.02
3277,-149.77,0.02
3278,-2556.22,0.02
3279,-2804.08,0.02
3280,-251.9,0.02
3281,-15831.69,0.02
3282,-121.37,0.02
3283,-183.32,0.02
3284,-142.71,0.02
3285,-125.03,0.02
3286,-194.32,0.02
3287,-255.48,0.02
3288,-4153.87,0.02
3289,-142.27,0.02
3290,-264.42,0.02
3291,-1802.87,0.02
3292,-160.11,0.02
3293,-174.23,0.02
3294,-3284.05,0.02
3295,-159.86,0.02
3296,-4828.31,0.02
3297,-242.74,0.02
3298,-1919.69,0.02
3299,-347.85,0.02
3300,-116.37,0.02
3301,-144.55,0.02
3302,-1625.68,0.02
3303,-211.84,0.02
3304,-120.74,0.02
3305,-120.24,0.02
3306,-2612.45,0.02
3307,-6552.88,0.02
3308,-11618.68,0.02
3309,-150.41,0.02
3310,-252.8,0.02
3311,-236.29,0.02
3312,-18378.8,0.02
3313,-113.4,0.02
3314,-207.24,0.02
3315,-231.93,0.02
3316,-8849.03,0.02
3317,-163.39,0.02
3318,-4904.83,0.02
3319,-102.98,0.02
3320,-117.62,0.02
3321,-210.52,0.02
3322,-3531.7,0.02
3323,-157.75,0.02
3324,-6144.9,0.02
3325,-155.7,0.02
3326,-105.03,0.02
3327,-165.52,0.02
3328,-262.2,0.02
3329,-256.1,0.02
3330,-10378.02,0.02
3331,-216.83,0.02
3332,-6876.77,0.02
3333,-2507.97,0.02
3334,-101.86,0.02
3335,-233.23,0.02
3336,-388.39,0.02
3337,-833.22,0.02
3338,-2866.5,0.02
3339,-249.3,0.02
3340,-5397.2,0.02
3341,-231.23,0.02
3342,-150.86,0.02
3343,-4948.5,0.02
3344,-9956.16,0.02
3345,-162.81,0.02
3346,-149.24,0.02
3347,-199.01,0.02
3348,-149.17,0.02
3349,-100.53,0.02
3350,-216.36,0.02
3351,-2968.43,0.02
3352,-205.31,0.02
3353,-233.34,0.02
3354,-2584.13,0.02
3355,-127.58,0.02
3356,-112.07,0.02
3357,-8776.64,0.02
3358,-103.52,0.02
3359,-356.78,0.02
3360,-134.93,0.02
3361,-171.64,0.02
3362,-4717.27,0.02
3363,-143.55,0.02
3364,-102.68,0.02
3365,-118.83,0.02
3366,-5039.63,0.02
3367,-161.38,0.02
3368,-2611.09,0.02
3369,-265.86,0.02
3370,-5857.42,0.02
3371,-2558.57,0.02
3372,-6495.21,0.02
3373,-167.91,0.02
3374,-184.44,0.02
3375,-6809.36,0.02
3376,-2258.77,0.02
3377,-130.05,0.02
3378,-116.97,0.02
3379,-123.43,0.02
3380,-109.93,0.02
3381,-128.34,0.02
3382,-137.14,0.02
3383,-120.03,0.02
3384,-142.99,0.02
3385,-5673.09,0.02
3386,-199.57,0.02
3387,-145.29,0.02
3388,-116.77,0.02
3389,-115.57,0.02
3390,-4575.12,0.02
3391,-102.46,0.02
3392,-5060.85,0.02
3393,-170.35,0.02
3394,-116.61,0.02
3395,-107.94,0.02
3396,-174.82,0.02
3397,-104.87,0.02
3398,-102.26,0.02
3399,-167.14,0.02
3400,-119.89,0.02
3401,-148.79,0.02
3402,-159.5,0.02
3403,-1890.44,0.02
3404,-107.28,0.02
3405,-154.92,0.02
3406,-127.23,0.02
3407,-157.32,0.02
3408,-137.85,0.02
3409,-198.48,0.02
3410,-6089.52,0.02
3411,-146.19,0.02
3412,-149.49,0.02
3413,-137.7,0.02
3414,-189.82,0.02
3415,-153.98,0.02
3416,-170.85,0.02
3417,-130.26,0.02
3418,-142.24,0.02
3419,-108.84,0.02
3420,-114.98,0.02
3421,-202.15,0.02
3422,-186.05,0.02
3423,-154.13,0.02
3424,-4826.2,0.02
3425,-12126.66,0.02
3426,-9247.37,0.02
3427,-3413.2,0.02
3428,-150.03,0.02
3429,-153.06,0.02
3430,-3512.36,0.02
3431,-158.13,0.02
3432,-2602.97,0.02
3433,-145.79,0.02
3434,-283.65,0.02
3435,-5627.37,0.02
3436,-164.01,0.02
3437,-110.61,0.02
3438,-197.95,0.02
3439,-8089.71,0.02
3440,-129.49,0.02
3441,-108.73,0.02
3442,-169.08,0.02
3443,-204.97,0.02
3444,-117.49,0.02
3445,-2605.29,0.02
3446,-199.38,0.02
3447,-97.82,0.02
3448,-146.85,0.02
3449,-11253.99,0.02
3450,-133.03,0.02
3451,-180.48,0.02
3452,-132.68,0.02
3453,-172.65,0.02
3454,-172.14,0.02
3455,-317.28,0.02
3456,-157.85,0.02
3457,-234.02,0.02
3458,-12732.3,0.02
3459,-139.69,0.02
3460,-252.32,0.02
3461,-192.65,0.02
3462,-110.74,0.02
3463,-119.38,0.02
3464,-4121.75,0.02
3465,-5669.49,0.02
3466,-4429.35,0.02
3467,-275.71,0.02
3468,-160.72,0.02
3469,-19111.74,0.02
3470,-2659.04,0.02
3471,-296.13,0.02
3472,-391.98,0.02
3473,-168.65,0.02
3474,-200.32,0.02
3475,-440.51,0.02
3476,-8550.93,0.02
3477,-215.96,0.02
3478,-6417.37,0.02
3479,-2212.56,0.02
3480,-945.72,0.02
3481,-16447.82,0.02
3482,-5474.25,0.02
3483,-113.74,0.02
3484,-890.72,0.02
3485,-102.19,0.02
3486,-427.22,0.02
3487,-3051.46,0.02
3488,-6899.85,0.02
3489,-101.24,0.02
3490,-359.89,0.02
3491,-115.86,0.02
3492,-2571.49,0.02
3493,-269.92,0.02
3494,-3164.56,0.02
3495,-184.12,0.02
3496,-173.46,0.02
3497,-129.21,0.02
3498,-170.58,0.02
3499,-119.76,0.02
3500,-3973.18,0.02
3501,-6851.41,0.02
3502,-129.57,0.02
3503,-1751.01,0.02
3504,-4386.52,0.02
3505,-2539.34,0.02
3506,-2122.8,0.02
3507,-148.21,0.02
3508,-9981.43,0.02
3509,-561.7,0.02
3510,-24810.71,0.02
3511,-4522.12,0.02
3512,-174.29,0.02
3513,-3528.85,0.02
3514,-246.8,0.02
3515,-11124.43,0.02
3516,-127.51,0.02
3517,-5343.47,0.02
3518,-220.34,0.02
3519,-6242.35,0.02
3520,-172.24,0.02
3521,-257.54,0.02
3522,-2596.78,0.02
3523,-2544.93,0.02
3524,-117.07,0.02
3525,-27987.02,0.02
3526,-259.74,0.02
3527,-1897.99,0.02
3528,-171.2,0.02
3529,-158.83,0.02
3530,-124.08,0.02
3531,-285.38,0.02
3532,-198.82,0.02
3533,-2630.83,0.02
3534,-201.59,0.02
3535,-242.56,0.02
3536,-2762.5,0.02
3537,-124.18,0.02
3538,-160.2,0.02
3539,-149.93,0.02
3540,-152.42,0.02
3541,-1288.77,0.02
3542,-235.69,0.02
3543,-2684.26,0.02
3544,-16683.38,0.02
3545,-211.97,0.02
3546,-208.21,0.02
3547,-199.89,0.02
3548,-157.64,0.02
3549,-162.18,0.02
3550,-267.3,0.02
3551,-4766.85,0.02
3552,-168.0,0.02
3553,-8836.53,0.02
3554,-14553.15,0.02
3555,-330.53,0.02
3556,-349.15,0.02
3557,-4463.33,0.02
3558,-3611.9,0.02
3559,-133.95,0.02
3560,-11370.41,0.02
3561,-4458.08,0.02
3562,-3589.13,0.02
3563,-101.49,0.02
3564,-4925.27,0.02
3565,-250.54,0.02
3566,-163.72,0.02
3567,-2174.13,0.02
3568,-10977.42,0.02
3569,-159.12,0.02
3570,-123.08,0.02
3571,-150.59,0.02
3572,-171.87,0.02
3573,-207.24,0.02
3574,-2560.48,0.02
3575,-369.27,0.02
3576,-118.79,0.02
3577,-180.11,0.02
3578,-241.45,0.02
3579,-220.94,0.02
3580,-2591.06,0.02
3581,-130.62,0.02
3582,-128.48,0.02
3583,-4202.4,0.02
3584,-131.01,0.02
3585,-4873.65,0.02
3586,-136.62,0.02
3587,-2704.75,0.02
3588,-14262.82,0.02
3589,-883.49,0.02
3590,-6565.95,0.02
3591,-2674.0,0.02
3592,-2617.71,0.02
3593,-2391.88,0.02
3594,-2565.22,0.02
3595,-16414.57,0.02
3596,-555.95,0.02
3597,-1240.95,0.02
3598,-201.71,0.02
3599,-113.36,0.02
3600,-170.6,0.02
3601,-146.98,0.02
3602,-190.87,0.02
3603,-136.2,0.02
3604,-2621.31,0.02
3605,-147.37,0.02
3606,-3487.95,0.02
3607,-147.11,0.02
3608,-386.78,0.02
3609,-247.51,0.02
3610,-214.47,0.02
3611,-334.46,0.02
3612,-145.93,0.02
3613,-174.31,0.02
3614,-2600.76,0.02
3615,-164.93,0.02
3616,-9162.57,0.02
3617,-17503.82,0.02
3618,-97.81,0.02
3619,-120.91,0.02
3620,-4835.4,0.02
3621,-280.34,0.02
3622,-2599.78,0.02
3623,-257.11,0.02
3624,-228.14,0.02
3625,-8678.8,0.02
3626,-99.98,0.02
3627,-2163.29,0.02
3628,-96.97,0.02
3629,-102.83,0.02
3630,-99.77,0.02
3631,-1061.78,0.02
3632,-2535.83,0.02
3633,-254.4,0.02
3634,-4812.36,0.02
3635,-787.21,0.02
3636,-241.8,0.02
3637,-107.56,0.02
3638,-171.61,0.02
3639,-1447.06,0.02
3640,-293.93,0.02
3641,-229.97,0.02
3642,-5433.34,0.02
3643,-98.85,0.02
3644,-161.0,0.02
3645,-4835.81,0.02
3646,-204.33,0.02
3647,-186.49,0.02
3648,-1561.23,0.02
3649,-179.0,0.02
3650,-2557.39,0.02
3651,-166.19,0.02
3652,-255.43,0.02
3653,-1738.59,0.02
3654,-340.19,0.02
3655,-2605.82,0.02
3656,-126.83,0.02
3657,-185.51,0.02
3658,-152.83,0.02
3659,-104.35,0.02
3660,-215.1,0.02
3661,-6247.02,0.02
3662,-1217.82,0.02
3663,-155.42,0.02
3664,-182.17,0.02
3665,-175.88,0.02
3666,-165.96,0.02
3667,-1219.58,0.02
3668,-143.29,0.02
3669,-4823.09,0.02
3670,-291.78,0.02
3671,-235.82,0.02
3672,-3232.2,0.02
3673,-148.5,0.02
3674,-201.96,0.02
3675,-154.23,0.02
3676,-4850.43,0.02
3677,-790.97,0.02
3678,-10046.71,0.02
3679,-8952.51,0.02
3680,-147.49,0.02
3681,-233.29,0.02
3682,-121.38,0.02
3683,-3490.04,0.02
3684,-2549.66,0.02
3685,-283.63,0.02
3686,-188.77,0.02
3687,-169.18,0.02
3688,-3484.37,0.02
3689,-4297.72,0.02
3690,-2529.2,0.02
3691,-150.61,0.02
3692,-242.16,0.02
3693,-8931.85,0.02
3694,-159.26,0.02
3695,-2679.79,0.02
3696,-1167.18,0.02
3697,-187.22,0.02
3698,-178.45,0.02
3699,-182.03,0.02
3700,-173.62,0.02
3701,-358.07,0.02
3702,-196.95,0.02
3703,-201.68,0.02
3704,-302.67,0.02
3705,-1234.55,0.02
3706,-166.15,0.02
3707,-5414.53,0.02
3708,-213.09,0.02
3709,-161.29,0.02
3710,-4717.35,0.02
3711,-7608.46,0.02
3712,-219.4,0.02
3713,-155.45,0.02
3714,-4925.73,0.02
3715,-97.98,0.02
3716,-2584.32,0.02
3717,-150.2,0.02
3718,-107.48,0.02
3719,-143.02,0.02
3720,-124.23,0.02
3721,-116.97,0.02
3722,-554.11,0.02
3723,-107.39,0.02
3724,-2594.4,0.02
3725,-958.57,0.02
3726,-143.41,0.02
3727,-154.37,0.02
3728,-102.1,0.02
3729,-113.6,0.02
3730,-105.66,0.02
3731,-4948.58,0.02
3732,-2652.09,0.02
3733,-117.85,0.02
3734,-112.97,0.02
3735,-120.04,0.02
3736,-118.4,0.02
3737,-132.03,0.02
3738,-136.0,0.02
3739,-151.67,0.02
3740,-141.12,0.02
3741,-2623.78,0.02
3742,-104.55,0.02
3743,-178.46,0.02
3744,-12014.19,0.02
3745,-106.64,0.02
3746,-182.44,0.02
3747,-136.85,0.02
3748,-3559.97,0.02
3749,-923.3,0.02
3750,-152.68,0.02
3751,-118.21,0.02
3752,-159.51,0.02
3753,-211.28,0.02
3754,-113.23,0.02
3755,-111.96,0.02
3756,-215.44,0.02
3757,-108.77,0.02
3758,-148.42,0.02
3759,-124.78,0.02
3760,-3410.08,0.02
3761,-110.09,0.02
3762,-129.09,0.02
3763,-114.85,0.02
3764,-99.41,0.02
3765,-160.57,0.02
3766,-164.13,0.02
3767,-104.27,0.02
3768,-106.63,0.02
3769,-187.19,0.02
3770,-128.97,0.02
3771,-134.87,0.02
3772,-140.31,0.02
3773,-124.52,0.02
3774,-140.66,0.02
3775,-149.88,0.02
3776,-200.84,0.02
3777,-19384.15,0.02
3778,-138.56,0.02
3779,-158.3,0.02
3780,-157.1,0.02
3781,-122.58,0.02
3782,-2584.51,0.02
3783,-243.29,0.02
3784,-151.63,0.02
3785,-11818.0,0.02
3786,-280.24,0.02
3787,-2538.71,0.02
3788,-193.71,0.02
3789,-5576.01,0.02
3790,-6754.21,0.02
3791,-272.35,0.02
3792,-6729.16,0.02
3793,-169.68,0.02
3794,-2580.31,0.02
3795,-102.35,0.02
3796,-2593.35,0.02
3797,-2040.8,0.02
3798,-262.63,0.02
3799,-4143.32,0.02
3800,-273.19,0.02
3801,-211.17,0.02
3802,-194.34,0.02
3803,-291.67,0.02
3804,-2636.37,0.02
3805,-269.4,0.02
3806,-8557.19,0.02
3807,-3505.55,0.02
3808,-229.25,0.02
3809,-266.0,0.02
3810,-158.5,0.02
3811,-6929.61,0.02
3812,-168.17,0.02
3813,-1498.99,0.02
3814,-273.18,0.02
3815,-162.86,0.02
3816,-12657.98,0.02
3817,-326.83,0.02
3818,-99.56,0.02
3819,-9559.99,0.02
3820,-2587.14,0.02
3821,-9017.45,0.02
3822,-223.32,0.02
3823,-116.17,0.02
3824,-4574.06,0.02
3825,-177.72,0.02
3826,-101.92,0.02
3827,-6639.41,0.02
3828,-1999.03,0.02
3829,-2716.8,0.02
3830,-318.27,0.02
3831,-2600.94,0.02
3832,-257.83,0.02
3833,-2608.59,0.02
3834,-5775.84,0.02
3835,-269.81,0.02
3836,-158.44,0.02
3837,-147.44,0.02
3838,-847.04,0.02
3839,-2964.23,0.02
3840,-15365.72,0.02
3841,-99.23,0.02
3842,-7187.64,0.02
3843,-962.87,0.02
3844,-118.11,0.02
3845,-1223.84,0.02
3846,-185.14,0.02
3847,-7460.62,0.02
3848,-168.25,0.02
3849,-4584.04,0.02
3850,-5621.82,0.02
3851,-6006.54,0.02
3852,-9907.39,0.02
3853,-170.35,0.02
3854,-3907.78,0.02
3855,-1847.03,0.02
3856,-3165.51,0.02
3857,-4772.44,0.02
3858,-253.14,0.02
3859,-266.02,0.02
3860,-4092.29,0.02
3861,-1192.3,0.02
3862,-2759.97,0.02
3863,-159.13,0.02
3864,-2534.98,0.02
3865,-98.24,0.02
3866,-6537.53,0.02
3867,-232.75,0.02
3868,-284.01,0.02
3869,-170.22,0.02
3870,-143.71,0.02
3871,-175.21,0.02
3872,-104.14,0.02
3873,-171.44,0.02
3874,-128.42,0.02
3875,-132.41,0.02
3876,-110.27,0.02
3877,-104.81,0.02
3878,-107.34,0.02
3879,-151.05,0.02
3880,-13751.62,0.02
3881,-206.08,0.02
3882,-215.54,0.02
3883,-108.9,0.02
3884,-12700.91,0.02
3885,-119.11,0.02
3886,-117.14,0.02
3887,-123.33,0.02
3888,-123.79,0.02
3889,-203.77,0.02
3890,-231.74,0.02
3891,-3639.91,0.02
3892,-2619.06,0.02
3893,-183.06,0.02
3894,-6917.36,0.02
3895,-219.35,0.02
3896,-173.34,0.02
3897,-10537.58,0.02
3898,-8183.5,0.02
3899,-4679.38,0.02
3900,-5929.68,0.02
3901,-187.52,0.02
3902,-2853.16,0.02
3903,-262.73,0.02
3904,-5561.01,0.02
3905,-7541.04,0.02
3906,-3174.83,0.02
3907,-207.83,0.02
3908,-169.89,0.02
3909,-5258.12,0.02
3910,-277.69,0.02
3911,-107.33,0.02
3912,-178.64,0.02
3913,-2558.8,0.02
3914,-157.95,0.02
3915,-140.25,0.02
3916,-130.24,0.02
3917,-182.81,0.02
3918,-276.12,0.02
3919,-182.15,0.02
3920,-155.75,0.02
3921,-130.31,0.02
3922,-3821.6,0.02
3923,-129.55,0.02
3924,-192.68,0.02
3925,-218.76,0.02
3926,-200.77,0.02
3927,-2513.2,0.02
3928,-132.58,0.02
3929,-161.6,0.02
3930,-160.38,0.02
3931,-5572.73,0.02
3932,-122.01,0.02
3933,-3341.79,0.02
3934,-238.52,0.02
3935,-12063.07,0.02
3936,-179.45,0.02
3937,-251.54,0.02
3938,-177.42,0.02
3939,-2581.64,0.02
3940,-280.65,0.02
3941,-2737.21,0.02
3942,-204.07,0.02
3943,-149.98,0.02
3944,-118.93,0.02
3945,-4859.45,0.02
3946,-1344.85,0.02
3947,-186.41,0.02
3948,-346.81,0.02
3949,-117.51,0.02
3950,-104.96,0.02
3951,-200.72,0.02
3952,-1202.12,0.02
3953,-102.45,0.02
3954,-229.82,0.02
3955,-157.6,0.02
3956,-123.25,0.02
3957,-174.91,0.02
3958,-246.09,0.02
3959,-130.5,0.02
3960,-164.18,0.02
3961,-7034.93,0.02
3962,-168.53,0.02
3963,-261.73,0.02
3964,-245.66,0.02
3965,-175.44,0.02
3966,-2570.15,0.02
3967,-4793.61,0.02
3968,-13917.4,0.02
3969,-206.06,0.02
3970,-146.7,0.02
3971,-3134.84,0.02
3972,-194.1,0.02
3973,-151.77,0.02
3974,-3736.36,0.02
3975,-7711.22,0.02
3976,-315.37,0.02
3977,-2476.78,0.02
3978,-5194.38,0.02
3979,-6479.65,0.02
3980,-252.76,0.02
3981,-106.45,0.02
3982,-231.59,0.02
3983,-112.77,0.02
3984,-3947.53,0.02
3985,-2649.49,0.02
3986,-230.44,0.02
3987,-197.97,0.02
3988,-4251.45,0.02
3989,-172.14,0.02
3990,-4862.55,0.02
3991,-182.88,0.02
3992,-148.62,0.02
3993,-2584.07,0.02
3994,-217.15,0.02
3995,-4207.97,0.02
3996,-1109.52,0.02
3997,-152.37,0.02
3998,-3662.28,0.02
3999,-181.3,0.02
4000,-257.43,0.02
4001,-169.15,0.02
4002,-157.28,0.02
4003,-108.06,0.02
4004,-1968.27,0.02
4005,-241.43,0.02
4006,-24359.95,0.02
4007,-113.08,0.02
4008,-184.91,0.02
4009,-292.97,0.02
4010,-105.14,0.02
4011,-225.8,0.02
4012,-17175.2,0.02
4013,-3317.13,0.02
4014,-293.54,0.02
4015,-127.53,0.02
4016,-109.93,0.02
4017,-190.99,0.02
4018,-131.17,0.02
4019,-123.23,0.02
4020,-198.69,0.02
4021,-2606.68,0.02
4022,-9034.86,0.02
4023,-113.55,0.02
4024,-188.26,0.02
4025,-177.52,0.02
4026,-145.77,0.02
4027,-2550.46,0.02
4028,-2538.36,0.02
4029,-267.0,0.02
4030,-1089.83,0.02
4031,-1556.32,0.02
4032,-2599.91,0.02
4033,-5033.05,0.02
4034,-6486.74,0.02
4035,-152.47,0.02
4036,-154.34,0.02
4037,-5305.55,0.02
4038,-4686.51,0.02
4039,-189.22,0.02
4040,-207.27,0.02
4041,-2640.53,0.02
4042,-9910.55,0.02
4043,-136.43,0.02
4044,-207.35,0.02
4045,-102.11,0.02
4046,-175.26,0.02
4047,-6257.88,0.02
4048,-271.63,0.02
4049,-1842.52,0.02
4050,-150.79,0.02
4051,-299.31,0.02
4052,-97.51,0.02
4053,-313.67,0.02
4054,-13706.0,0.02
4055,-272.41,0.02
4056,-217.49,0.02
4057,-227.97,0.02
4058,-204.83,0.02
4059,-7961.5,0.02
4060,-254.51,0.02
4061,-7782.97,0.02
4062,-9028.2,0.02
4063,-2624.04,0.02
4064,-181.24,0.02
4065,-6608.82,0.02
4066,-162.71,0.02
4067,-285.25,0.02
4068,-15567.58,0.02
4069,-203.21,0.02
4070,-2449.43,0.02
4071,-6609.08,0.02
4072,-176.12,0.02
4073,-5768.21,0.02
4074,-148.62,0.02
4075,-235.33,0.02
4076,-205.01,0.02
4077,-156.31,0.02
4078,-131.15,0.02
4079,-13560.19,0.02
4080,-4708.59,0.02
4081,-2423.87,0.02
4082,-252.83,0.02
4083,-1932.06,0.02
4084,-236.2,0.02
4085,-105.59,0.02
4086,-907.59,0.02
4087,-101.7,0.02
4088,-126.99,0.02
4089,-279.67,0.02
4090,-105.62,0.02
4091,-9144.62,0.02
4092,-8587.41,0.02
4093,-139.47,0.02
4094,-147.31,0.02
4095,-1842.17,0.02
4096,-4843.14,0.02
4097,-207.95,0.02
4098,-2272.34,0.02
4099,-309.31,0.02
4100,-150.11,0.02
4101,-196.02,0.02
4102,-12176.04,0.02
4103,-196.0,0.02
4104,-235.71,0.02
4105,-2615.57,0.02
4106,-200.6,0.02
4107,-232.48,0.02
4108,-9269.54,0.02
4109,-131.26,0.02
4110,-147.66,0.02
4111,-169.89,0.02
4112,-154.4,0.02
4113,-172.64,0.02
4114,-102.72,0.02
4115,-226.46,0.02
4116,-175.75,0.02
4117,-157.12,0.02
4118,-4017.37,0.02
4119,-117.12,0.02
4120,-183.24,0.02
4121,-331.97,0.02
4122,-205.19,0.02
4123,-117.83,0.02
4124,-136.79,0.02
4125,-249.37,0.02
4126,-2522.07,0.02
4127,-8949.14,0.02
4128,-117.69,0.02
4129,-2684.45,0.02
4130,-311.15,0.02
4131,-261.34,0.02
4132,-180.98,0.02
4133,-150.01,0.02
4134,-143.18,0.02
4135,-149.46,0.02
4136,-134.96,0.02
4137,-650.76,0.02
4138,-112.21,0.02
4139,-214.18,0.02
4140,-107.78,0.02
4141,-2642.24,0.02
4142,-138.16,0.02
4143,-106.14,0.02
4144,-104.66,0.02
4145,-8370.33,0.02
4146,-269.02,0.02
4147,-133.26,0.02
4148,-184.78,0.02
4149,-136.35,0.02
4150,-101.19,0.02
4151,-138.49,0.02
4152,-6418.73,0.02
4153,-9971.36,0.02
4154,-5424.71,0.02
4155,-156.22,0.02
4156,-112.89,0.02
4157,-2607.8,0.02
4158,-2537.27,0.02
4159,-172.92,0.02
4160,-7055.92,0.02
4161,-224.69,0.02
4162,-4337.24,0.02
4163,-4843.85,0.02
4164,-9077.21,0.02
4165,-12066.39,0.02
4166,-125.53,0.02
4167,-1493.51,0.02
4168,-2548.58,0.02
4169,-207.57,0.02
4170,-4695.67,0.02
4171,-3668.81,0.02
4172,-151.09,0.02
4173,-174.96,0.02
4174,-142.92,0.02
4175,-127.95,0.02
4176,-200.65,0.02
4177,-8401.23,0.02
4178,-271.56,0.02
4179,-6767.87,0.02
4180,-260.03,0.02
4181,-174.97,0.02
4182,-6323.19,0.02
4183,-254.99,0.02
4184,-190.34,0.02
4185,-768.49,0.02
4186,-187.66,0.02
4187,-109.17,0.02
4188,-271.18,0.02
4189,-3538.79,0.02
4190,-170.6,0.02
4191,-2630.21,0.02
4192,-3708.86,0.02
4193,-142.79,0.02
4194,-119.38,0.02
4195,-157.36,0.02
4196,-122.36,0.02
4197,-1455.25,0.02
4198,-106.98,0.02
4199,-9954.84,0.02
4200,-129.7,0.02
4201,-124.33,0.02
4202,-508.56,0.02
4203,-9245.93,0.02
4204,-2598.69,0.02
4205,-339.87,0.02
4206,-2580.96,0.02
4207,-260.03,0.02
4208,-133.6,0.02
4209,-155.99,0.02
4210,-156.24,0.02
4211,-202.24,0.02
4212,-2553.44,0.02
4213,-5769.5,0.02
4214,-145.23,0.02
4215,-198.96,0.02
4216,-515.13,0.02
4217,-4508.38,0.02
4218,-2574.91,0.02
4219,-161.41,0.02
4220,-5772.45,0.02
4221,-273.04,0.02
4222,-101.72,0.02
4223,-2596.42,0.02
4224,-5899.58,0.02
4225,-1655.81,0.02
4226,-171.58,0.02
4227,-188.42,0.02
4228,-174.39,0.02
4229,-3523.68,0.02
4230,-127.49,0.02
4231,-198.15,0.02
4232,-119.67,0.02
4233,-127.23,0.02
4234,-187.07,0.02
4235,-110.8,0.02
4236,-122.62,0.02
4237,-155.08,0.02
4238,-164.05,0.02
4239,-3667.47,0.02
4240,-219.9,0.02
4241,-172.46,0.02
4242,-4886.7,0.02
4243,-2029.72,0.02
4244,-159.33,0.02
4245,-143.98,0.02
4246,-163.17,0.02
4247,-208.1,0.02
4248,-113.83,0.02
4249,-4980.58,0.02
4250,-4352.16,0.02
4251,-2327.33,0.02
4252,-141.49,0.02
4253,-202.94,0.02
4254,-2916.19,0.02
4255,-1045.46,0.02
4256,-1870.56,0.02
4257,-2578.5,0.02
4258,-101.65,0.02
4259,-202.41,0.02
4260,-194.94,0.02
4261,-177.74,0.02
4262,-109.98,0.02
4263,-128.85,0.02
4264,-189.3,0.02
4265,-1268.29,0.02
4266,-111.9,0.02
4267,-123.46,0.02
4268,-139.48,0.02
4269,-149.42,0.02
4270,-9493.35,0.02
4271,-132.42,0.02
4272,-174.51,0.02
4273,-126.06,0.02
4274,-177.33,0.02
4275,-176.65,0.02
4276,-143.17,0.02
4277,-111.55,0.02
4278,-108.51,0.02
4279,-116.35,0.02
4280,-194.87,0.02
4281,-124.05,0.02
4282,-119.83,0.02
4283,-146.88,0.02
4284,-102.46,0.02
4285,-130.13,0.02
4286,-122.25,0.02
4287,-104.41,0.02
4288,-148.51,0.02
4289,-115.98,0.02
4290,-102.84,0.02
4291,-103.71,0.02
4292,-108.05,0.02
4293,-11627.27,0.02
4294,-106.49,0.02
4295,-145.96,0.02
4296,-119.74,0.02
4297,-125.55,0.02
4298,-13510.65,0.02
4299,-207.65,0.02
4300,-163.38,0.02
4301,-129.37,0.02
4302,-117.79,0.02
4303,-6086.8,0.02
4304,-105.95,0.02
4305,-9964.33,0.02
4306,-1011.34,0.02
4307,-1690.73,0.02
4308,-152.63,0.02
4309,-217.94,0.02
4310,-141.56,0.02
4311,-132.88,0.02
4312,-116.61,0.02
4313,-102.67,0.02
4314,-144.23,0.02
4315,-158.57,0.02
4316,-1044.06,0.02
4317,-130.63,0.02
4318,-3915.19,0.02
4319,-104.52,0.02
4320,-212.15,0.02
4321,-101.53,0.02
4322,-110.14,0.02
4323,-212.75,0.02
4324,-258.77,0.02
4325,-26647.41,0.02
4326,-316.87,0.02
4327,-3148.27,0.02
4328,-5532.6,0.02
4329,-2299.45,0.02
4330,-4606.81,0.02
4331,-103.44,0.02
4332,-172.25,0.02
4333,-142.23,0.02
4334,-152.5,0.02
4335,-106.51,0.02
4336,-142.62,0.02
4337,-122.14,0.02
4338,-123.11,0.02
4339,-8575.32,0.02
4340,-114.03,0.02
4341,-142.95,0.02
4342,-148.89,0.02
4343,-171.08,0.02
4344,-127.45,0.02
4345,-162.13,0.02
4346,-17955.31,0.02
4347,-124.46,0.02
4348,-100.59,0.02
4349,-140.21,0.02
4350,-138.19,0.02
4351,-151.13,0.02
4352,-4883.22,0.02
4353,-5112.22,0.02
4354,-147.39,0.02
4355,-115.1,0.02
4356,-890.21,0.02
4357,-4690.22,0.02
4358,-6756.56,0.02
4359,-2680.91,0.02
4360,-169.72,0.02
4361,-8470.02,0.02
4362,-102.78,0.02
4363,-183.65,0.02
4364,-4786.43,0.02
4365,-109.62,0.02
4366,-154.29,0.02
4367,-122.53,0.02
4368,-150.38,0.02
4369,-4788.52,0.02
4370,-6108.57,0.02
4371,-340.16,0.02
4372,-7461.6,0.02
4373,-123.05,0.02
4374,-115.14,0.02
4375,-3796.91,0.02
4376,-7601.03,0.02
4377,-3257.11,0.02
4378,-162.59,0.02
4379,-288.4,0.02
4380,-3252.55,0.02
4381,-247.61,0.02
4382,-115.48,0.02
4383,-6503.27,0.02
4384,-136.91,0.02
4385,-150.08,0.02
4386,-4242.43,0.02
4387,-4424.84,0.02
4388,-141.1,0.02
4389,-236.03,0.02
4390,-15864.51,0.02
4391,-357.49,0.02
4392,-268.14,0.02
4393,-4705.72,0.02
4394,-3455.83,0.02
4395,-162.59,0.02
4396,-2554.25,0.02
4397,-226.21,0.02
4398,-188.86,0.02
4399,-195.46,0.02
4400,-315.07,0.02
4401,-185.15,0.02
4402,-239.63,0.02
4403,-22120.88,0.02
4404,-355.52,0.02
4405,-198.18,0.02
4406,-11580.01,0.02
4407,-102.86,0.02
4408,-320.14,0.02
4409,-228.7,0.02
4410,-145.34,0.02
4411,-3609.25,0.02
4412,-122.72,0.02
4413,-278.39,0.02
4414,-199.61,0.02
4415,-254.4,0.02
4416,-101.19,0.02
4417,-3370.34,0.02
4418,-4703.06,0.02
4419,-4478.01,0.02
4420,-162.82,0.02
4421,-9116.26,0.02
4422,-263.8,0.02
4423,-112.43,0.02
4424,-13066.66,0.02
4425,-210.6,0.02
4426,-3644.47,0.02
4427,-266.22,0.02
4428,-207.66,0.02
4429,-6910.8,0.02
4430,-145.41,0.02
4431,-133.98,0.02
4432,-1142.61,0.02
4433,-182.68,0.02
4434,-128.12,0.02
4435,-184.34,0.02
4436,-1320.17,0.02
4437,-3997.84,0.02
4438,-98.93,0.02
4439,-3689.13,0.02
4440,-23864.93,0.02
4441,-102.61,0.02
4442,-121.66,0.02
4443,-191.71,0.02
4444,-192.49,0.02
4445,-134.34,0.02
4446,-107.51,0.02
4447,-127.59,0.02
4448,-111.85,0.02
4449,-123.73,0.02
4450,-14523.76,0.02
4451,-112.73,0.02
4452,-5142.19,0.02
4453,-101.05,0.02
4454,-234.08,0.02
4455,-158.64,0.02
4456,-174.99,0.02
4457,-139.56,0.02
4458,-117.56,0.02
4459,-117.86,0.02
4460,-126.64,0.02
4461,-160.59,0.02
4462,-138.59,0.02
4463,-113.55,0.02
4464,-117.83,0.02
4465,-103.41,0.02
4466,-131.33,0.02
4467,-115.17,0.02
4468,-152.58,0.02
4469,-149.15,0.02
4470,-13747.2,0.02
4471,-134.94,0.02
4472,-191.52,0.02
4473,-176.88,0.02
4474,-132.72,0.02
4475,-103.16,0.02
4476,-155.0,0.02
4477,-150.33,0.02
4478,-1296.1,0.02
4479,-130.56,0.02
4480,-136.78,0.02
4481,-2584.71,0.02
4482,-862.7,0.02
4483,-8127.44,0.02
4484,-165.61,0.02
4485,-152.61,0.02
4486,-139.16,0.02
4487,-152.75,0.02
4488,-141.94,0.02
4489,-188.15,0.02
4490,-3912.76,0.02
4491,-225.79,0.02
4492,-199.38,0.02
4493,-128.37,0.02
4494,-8181.62,0.02
4495,-7872.29,0.02
4496,-131.39,0.02
4497,-194.56,0.02
4498,-6989.72,0.02
4499,-249.61,0.02
4500,-274.2,0.02
4501,-9477.07,0.02
4502,-194.23,0.02
4503,-7061.14,0.02
4504,-4685.93,0.02
4505,-193.6,0.02
4506,-12117.38,0.02
4507,-201.18,0.02
4508,-141.87,0.02
4509,-108.27,0.02
4510,-2678.96,0.02
4511,-4675.95,0.02
4512,-177.21,0.02
4513,-11909.85,0.02
4514,-121.64,0.02
4515,-234.13,0.02
4516,-128.04,0.02
4517,-4301.73,0.02
4518,-145.07,0.02
4519,-131.41,0.02
4520,-220.95,0.02
4521,-4823.6,0.02
4522,-29562.6,0.02
4523,-151.16,0.02
4524,-114.81,0.02
4525,-246.54,0.02
4526,-174.16,0.02
4527,-211.46,0.02
4528,-1626.48,0.02
4529,-103.06,0.02
4530,-2632.74,0.02
4531,-256.35,0.02
4532,-2561.85,0.02
4533,-2308.11,0.02
4534,-6076.51,0.02
4535,-2583.62,0.02
4536,-6928.02,0.02
4537,-8692.87,0.02
4538,-213.64,0.02
4539,-186.57,0.02
4540,-129.25,0.02
4541,-214.9,0.02
4542,-161.76,0.02
4543,-6487.45,0.02
4544,-994.94,0.02
4545,-2784.97,0.02
4546,-7052.67,0.02
4547,-10077.44,0.02
4548,-5691.81,0.02
4549,-2184.52,0.02
4550,-178.85,0.02
4551,-7056.21,0.02
4552,-3284.16,0.02
4553,-210.64,0.02
4554,-2935.66,0.02
4555,-3184.38,0.02
4556,-191.9,0.02
4557,-5872.65,0.02
4558,-185.87,0.02
4559,-233.11,0.02
4560,-2588.75,0.02
4561,-194.09,0.02
4562,-228.61,0.02
4563,-149.27,0.02
4564,-182.86,0.02
4565,-2590.68,0.02
4566,-175.73,0.02
4567,-2389.19,0.02
4568,-10877.99,0.02
4569,-141.22,0.02
4570,-200.39,0.02
4571,-295.24,0.02
4572,-6469.13,0.02
4573,-343.6,0.02
4574,-2570.8,0.02
4575,-188.08,0.02
4576,-2703.26,0.02
4577,-3572.31,0.02
4578,-141.1,0.02
4579,-276.7,0.02
4580,-2541.59,0.02
4581,-123.7,0.02
4582,-2625.85,0.02
4583,-178.46,0.02
4584,-8770.18,0.02
4585,-194.15,0.02
4586,-4687.31,0.02
4587,-6072.96,0.02
4588,-7266.01,0.02
4589,-264.46,0.02
4590,-244.94,0.02
4591,-102.31,0.02
4592,-130.95,0.02
4593,-329.87,0.02
4594,-5533.38,0.02
4595,-296.55,0.02
4596,-15089.42,0.02
4597,-12070.0,0.02
4598,-185.32,0.02
4599,-238.63,0.02
4600,-2544.6,0.02
4601,-288.68,0.02
4602,-146.75,0.02
4603,-151.49,0.02
4604,-163.3,0.02
4605,-3651.8,0.02
4606,-3040.33,0.02
4607,-107.81,0.02
4608,-277.08,0.02
4609,-232.51,0.02
4610,-167.69,0.02
4611,-2429.98,0.02
4612,-528.12,0.02
4613,-308.37,0.02
4614,-2532.97,0.02
4615,-4146.39,0.02
4616,-218.57,0.02
4617,-2895.52,0.02
4618,-4684.84,0.02
4619,-2601.71,0.02
4620,-270.63,0.02
4621,-239.18,0.02
4622,-347.85,0.02
4623,-183.48,0.02
4624,-7982.75,0.02
4625,-15537.82,0.02
4626,-393.59,0.02
4627,-2574.1,0.02
4628,-434.5,0.02
4629,-158.59,0.02
4630,-188.89,0.02
4631,-142.35,0.02
4632,-112.21,0.02
4633,-229.1,0.02
4634,-168.59,0.02
4635,-186.03,0.02
4636,-129.12,0.02
4637,-170.66,0.02
4638,-16451.39,0.02
4639,-12831.5,0.02
4640,-282.53,0.02
4641,-4754.27,0.02
4642,-242.8,0.02
4643,-132.77,0.02
4644,-185.96,0.02
4645,-111.25,0.02
4646,-168.94,0.02
4647,-162.34,0.02
4648,-105.45,0.02
4649,-151.81,0.02
4650,-2198.92,0.02
4651,-8643.44,0.02
4652,-124.29,0.02
4653,-264.22,0.02
4654,-195.05,0.02
4655,-207.68,0.02
4656,-4839.34,0.02
4657,-116.46,0.02
4658,-202.11,0.02
4659,-13416.48,0.02
4660,-4469.11,0.02
4661,-4606.8,0.02
4662,-270.59,0.02
4663,-162.42,0.02
4664,-137.99,0.02
4665,-128.43,0.02
4666,-6511.64,0.02
4667,-4163.94,0.02
4668,-186.54,0.02
4669,-2556.71,0.02
4670,-125.39,0.02
4671,-2996.87,0.02
4672,-109.56,0.02
4673,-308.83,0.02
4674,-224.88,0.02
4675,-112.77,0.02
4676,-140.69,0.02
4677,-222.54,0.02
4678,-155.35,0.02
4679,-160.59,0.02
4680,-6012.24,0.02
4681,-115.88,0.02
4682,-133.36,0.02
4683,-118.25,0.02
4684,-274.68,0.02
4685,-159.19,0.02
4686,-1689.3,0.02
4687,-247.44,0.02
4688,-139.71,0.02
4689,-3542.69,0.02
4690,-9455.65,0.02
4691,-199.32,0.02
4692,-2565.31,0.02
4693,-5866.75,0.02
4694,-215.33,0.02
4695,-206.56,0.02
4696,-188.74,0.02
4697,-4705.37,0.02
4698,-4671.16,0.02
4699,-177.93,0.02
4700,-158.88,0.02
4701,-314.14,0.02
4702,-113.16,0.02
4703,-181.54,0.02
4704,-22271.74,0.02
4705,-3431.42,0.02
4706,-289.22,0.02
4707,-7406.58,0.02
4708,-1724.56,0.02
4709,-1133.38,0.02
4710,-1970.85,0.02
4711,-2556.69,0.02
4712,-106.44,0.02
4713,-296.48,0.02
4714,-8604.25,0.02
4715,-177.65,0.02
4716,-102.38,0.02
4717,-4842.85,0.02
4718,-153.24,0.02
4719,-5842.87,0.02
4720,-760.1,0.02
4721,-6906.17,0.02
4722,-2550.5,0.02
4723,-286.65,0.02
4724,-288.12,0.02
4725,-1742.96,0.02
4726,-2618.2,0.02
4727,-109.2,0.02
4728,-8301.99,0.02
4729,-4912.59,0.02
4730,-5657.02,0.02
4731,-282.33,0.02
4732,-9504.95,0.02
4733,-237.88,0.02
4734,-161.94,0.02
4735,-2611.11,0.02
4736,-13970.36,0.02
4737,-154.7,0.02
4738,-9145.53,0.02
4739,-2537.09,0.02
4740,-265.12,0.02
4741,-4796.15,0.02
4742,-211.77,0.02
4743,-125.94,0.02
4744,-8045.26,0.02
4745,-106.57,0.02
4746,-101.51,0.02
4747,-2659.11,0.02
4748,-240.81,0.02
4749,-2979.01,0.02
4750,-2227.23,0.02
4751,-10496.45,0.02
4752,-231.26,0.02
4753,-138.93,0.02
4754,-146.56,0.02
4755,-136.83,0.02
4756,-19203.24,0.02
4757,-276.64,0.02
4758,-266.75,0.02
4759,-122.95,0.02
4760,-7957.34,0.02
4761,-169.27,0.02
4762,-8895.26,0.02
4763,-341.88,0.02
4764,-107.78,0.02
4765,-139.87,0.02
4766,-2568.36,0.02
4767,-6327.66,0.02
4768,-11815.29,0.02
4769,-213.09,0.02
4770,-12921.4,0.02
4771,-22299.52,0.02
4772,-139.09,0.02
4773,-9214.98,0.02
4774,-11233.46,0.02
4775,-3637.19,0.02
4776,-2630.33,0.02
4777,-271.69,0.02
4778,-2653.33,0.02
4779,-110.9,0.02
4780,-223.49,0.02
4781,-194.32,0.02
4782,-11428.48,0.02
4783,-19816.16,0.02
4784,-360.27,0.02
4785,-152.47,0.02
4786,-15443.94,0.02
4787,-192.21,0.02
4788,-4668.25,0.02
4789,-4988.86,0.02
4790,-2539.08,0.02
4791,-2508.86,0.02
4792,-140.81,0.02
4793,-2568.09,0.02
4794,-562.76,0.02
4795,-14203.22,0.02
4796,-228.6,0.02
4797,-176.78,0.02
4798,-109.66,0.02
4799,-11110.77,0.02
4800,-7531.43,0.02
4801,-116.04,0.02
4802,-2635.5,0.02
4803,-101.3,0.02
4804,-122.71,0.02
4805,-6137.52,0.02
4806,-1791.32,0.02
4807,-4751.56,0.02
4808,-315.8,0.02
4809,-198.33,0.02
4810,-4698.86,0.02
4811,-214.36,0.02
4812,-6318.47,0.02
4813,-127.33,0.02
4814,-276.12,0.02
4815,-174.31,0.02
4816,-9722.94,0.02
4817,-15067.18,0.02
4818,-14476.64,0.02
4819,-2547.14,0.02
4820,-1242.66,0.02
4821,-6397.39,0.02
4822,-2651.49,0.02
4823,-337.18,0.02
4824,-281.11,0.02
4825,-8909.41,0.02
4826,-3684.1,0.02
4827,-284.0,0.02
4828,-109.99,0.02
4829,-143.93,0.02
4830,-2565.26,0.02
4831,-956.44,0.02
4832,-159.67,0.02
4833,-2799.11,0.02
